timestamp,time_elapsed,position_x,position_y,velocity_x,velocity_y,velocity_magnitude,distance_to_boundary,timestamp_camera,fsr_analog,fsr_digital,fsr_force_N,timestamp_fsr,error_x_L,error_y_L,error_x_R,error_y_R,timestamp_geomagic,geomagic_velocity_x_L,geomagic_velocity_y_L,geomagic_velocity_x_R,geomagic_velocity_y_R,timestamp_velocity
1768234749.826685,0.001000,14.500764,-15.024974,0.000000,0.000000,0.000000,0.161580,1768234749.826685,874,0,0.609384,1768234749.826685,,,,,,,,,,
1768234749.856158,0.030473,14.500764,-15.024974,0.000000,0.000000,0.000000,0.161580,1768234749.856158,889,0,0.435921,1768234749.855149,,,7.371809,7.656201,1768234749.847901,,,0.000000,0.000000,1768234749.825684
1768234749.888956,0.063272,14.500764,-15.024974,0.000000,0.000000,0.000000,0.161580,1768234749.888956,937,0,0.000000,1768234749.887952,,,7.371809,7.656201,1768234749.847901,,,0.000000,0.000000,1768234749.825684
1768234749.919742,0.094058,14.500764,-15.024974,0.000000,0.000000,0.000000,0.161580,1768234749.919742,938,0,0.000000,1768234749.919742,,,7.371809,7.656201,1768234749.847901,,,0.000000,0.000000,1768234749.825684
1768234749.954688,0.129004,14.500764,-15.024974,0.000000,0.000000,0.000000,0.161580,1768234749.954688,955,0,0.000000,1768234749.953688,,,7.331958,7.633234,1768234749.941364,,,0.000000,0.000000,1768234749.825684
1768234749.982627,0.156943,14.500764,-15.024974,0.000000,0.000000,0.000000,0.161580,1768234749.982627,944,0,0.000000,1768234749.980627,,,7.331958,7.633234,1768234749.941364,,,-0.398145,-0.229450,1768234749.925781
1768234750.018251,0.192567,14.500764,-15.024974,0.000000,0.000000,0.000000,0.161580,1768234750.018251,945,0,0.000000,1768234750.018251,,,7.331958,7.633234,1768234749.941364,,,-0.398145,-0.229450,1768234749.925781
1768234750.044265,0.218580,14.500764,-15.024974,0.000000,0.000000,0.000000,0.161580,1768234750.044265,946,0,0.000000,1768234750.042758,,,7.331958,7.633234,1768234749.941364,,,-0.398145,-0.229450,1768234749.925781
1768234750.099814,0.274129,14.500764,-15.024974,0.000000,0.000000,0.000000,0.161580,1768234750.099814,913,0,0.164376,1768234750.099814,,,7.181911,7.624229,1768234750.050775,,,-1.478023,-0.068006,1768234750.027295
1768234750.143074,0.317390,14.500764,-15.024974,0.000000,0.000000,0.000000,0.161580,1768234750.143074,928,0,0.000000,1768234750.142075,,,7.181911,7.624229,1768234750.050775,,,-1.478023,-0.068006,1768234750.027295
1768234750.170459,0.344774,14.500764,-15.024974,0.000000,0.000000,0.000000,0.161580,1768234750.170459,911,0,0.186731,1768234750.170459,,,7.194803,7.636139,1768234750.144075,,,0.125405,0.103304,1768234750.130079
1768234750.201315,0.375631,14.500764,-15.024974,0.000000,0.000000,0.000000,0.161580,1768234750.201315,911,0,0.186731,1768234750.198308,,,7.194803,7.636139,1768234750.144075,,,0.125405,0.103304,1768234750.130079
1768234750.231314,0.405629,14.500764,-15.024974,0.000000,0.000000,0.000000,0.161580,1768234750.231314,906,0,0.242832,1768234750.230314,,,7.194803,7.636139,1768234750.144075,,,0.125405,0.103304,1768234750.130079
1768234750.263194,0.437510,14.500764,-15.024974,0.000000,0.000000,0.000000,0.161580,1768234750.263194,868,0,0.679605,1768234750.258685,,,6.957611,7.684629,1768234750.233356,,,-2.320520,0.488033,1768234750.232314
1768234750.295072,0.469388,14.500764,-15.024974,0.000000,0.000000,0.000000,0.161580,1768234750.295072,874,0,0.609384,1768234750.293563,,,6.957611,7.684629,1768234750.233356,,,-2.320520,0.488033,1768234750.232314
1768234750.325460,0.499776,14.500764,-15.024974,0.000000,0.000000,0.000000,0.161580,1768234750.325460,846,0,0.941299,1768234750.325460,,,6.957611,7.684629,1768234750.233356,,,-2.320520,0.488033,1768234750.232314
1768234750.355869,0.530184,14.500764,-15.024974,0.000000,0.000000,0.000000,0.161580,1768234750.355869,823,0,1.222268,1768234750.354869,,,6.821789,8.216042,1768234750.346077,,,-2.320520,0.488033,1768234750.232314
1768234750.386193,0.560508,14.500764,-15.024974,0.000000,0.000000,0.000000,0.161580,1768234750.386193,827,0,1.172844,1768234750.386193,,,6.821789,8.216042,1768234750.346077,,,-1.220693,5.627013,1768234750.332993
1768234750.419746,0.594062,14.500764,-15.024974,0.000000,0.000000,0.000000,0.161580,1768234750.419746,818,0,1.284386,1768234750.419746,,,6.821789,8.216042,1768234750.346077,,,-1.220693,5.627013,1768234750.332993
1768234750.449531,0.623847,14.500764,-15.024974,0.000000,0.000000,0.000000,0.161580,1768234750.449531,816,0,1.309340,1768234750.448528,,,6.821789,8.216042,1768234750.346077,,,-1.220693,5.627013,1768234750.332993
1768234750.498687,0.673003,14.498902,-14.952883,-0.037871,1.466586,1.467075,0.167943,1768234750.498687,809,0,1.397163,1768234750.498687,,,6.867844,8.673500,1768234750.455042,,,0.333187,8.833806,1768234750.433986
1768234750.527236,0.701552,14.498902,-14.952883,-0.026510,1.026611,1.026953,0.167943,1768234750.527236,795,0,1.575111,1768234750.526234,,,6.867844,8.673500,1768234750.455042,,,0.333187,8.833806,1768234750.433986
1768234750.562433,0.736749,14.497042,-14.880791,-0.034416,1.333109,1.333553,0.177738,1768234750.562433,805,0,1.447689,1768234750.562433,,,6.856483,8.972072,1768234750.547815,,,0.333187,8.833806,1768234750.433986
1768234750.587677,0.761993,14.497042,-14.880791,-0.024091,0.933176,0.933487,0.177738,1768234750.587677,806,0,1.435034,1768234750.588683,,,6.856483,8.972072,1768234750.547815,,,-0.100309,7.958577,1768234750.534073
1768234750.628498,0.802814,14.493320,-14.736607,-0.044219,1.712859,1.713430,0.177738,1768234750.628498,813,0,1.346886,1768234750.624974,,,6.856483,8.972072,1768234750.547815,,,-0.100309,7.958577,1768234750.534073
1768234750.665013,0.839328,14.490527,-14.628469,-0.053895,2.087460,2.088156,0.187232,1768234750.665013,792,0,1.613650,1768234750.660489,,,6.818900,9.122277,1768234750.654976,,,-0.100309,7.958577,1768234750.534073
1768234750.695595,0.869910,14.523440,-14.519114,0.285142,2.533953,2.549946,0.193896,1768234750.695595,784,0,1.717139,1768234750.694594,,,6.818900,9.122277,1768234750.654976,,,-0.386206,6.575801,1768234750.634902
1768234750.727676,0.901991,14.519719,-14.374930,0.164801,3.122075,3.126421,0.242220,1768234750.727676,788,0,1.665263,1768234750.726172,,,6.818900,9.122277,1768234750.654976,,,-0.386206,6.575801,1768234750.634902
1768234750.758645,0.932961,14.551701,-14.229538,0.425167,3.593878,3.618940,0.342098,1768234750.758645,714,0,2.670509,1768234750.756121,,,6.814804,9.088200,1768234750.737716,,,-0.046074,5.286277,1768234750.736717
1768234750.789801,0.964117,14.582750,-14.048105,0.596591,4.262707,4.304252,0.478176,1768234750.789801,705,0,2.799817,1768234750.788795,,,6.814804,9.088200,1768234750.737716,,,-0.046074,5.286277,1768234750.736717
1768234750.818998,0.993314,14.578098,-13.867878,0.369814,4.835736,4.849857,0.600676,1768234750.818998,694,0,2.960120,1768234750.817472,,,6.814804,9.088200,1768234750.737716,,,-0.046074,5.286277,1768234750.736717
1768234750.850614,1.024930,14.609147,-13.686454,0.553485,5.106513,5.136422,0.759025,1768234750.850614,649,0,3.643493,1768234750.850614,,,6.814804,9.088200,1768234750.737716,,,-0.046074,5.286277,1768234750.736717
1768234750.897356,1.071672,14.604495,-13.506226,0.357582,4.731309,4.744802,0.900664,1768234750.897356,662,0,3.441325,1768234750.894355,,,6.818434,9.000922,1768234750.856125,,,0.035657,3.648543,1768234750.837510
1768234750.928706,1.103021,14.635544,-13.324811,0.547428,5.047960,5.077556,1.061793,1768234750.928706,662,0,3.441325,1768234750.927701,,,6.818434,9.000922,1768234750.856125,,,0.035657,3.648543,1768234750.837510
1768234750.964202,1.138518,14.665661,-13.107357,0.637735,5.371394,5.409120,1.256641,1768234750.964202,653,0,3.580860,1768234750.964202,,,6.818434,9.000922,1768234750.856125,,,0.035657,3.648543,1768234750.837510
1768234750.989480,1.163795,14.696707,-12.925955,0.814874,5.912895,5.968781,1.198873,1768234750.989480,657,0,3.518608,1768234750.988480,,,6.836084,8.964128,1768234750.965201,,,0.172719,2.520710,1768234750.939736
1768234751.027679,1.201995,14.692056,-12.745730,0.533885,5.554414,5.580013,1.228007,1768234751.027679,651,0,3.612128,1768234751.026175,,,6.836084,8.964128,1768234750.965201,,,0.172719,2.520710,1768234750.939736
1768234751.052106,1.226422,14.723101,-12.564337,0.754999,6.115880,6.162305,1.195691,1768234751.052106,646,0,3.690723,1768234751.051099,,,6.836084,8.964128,1768234750.965201,,,0.172719,2.520710,1768234750.939736
1768234751.091164,1.265480,14.754146,-12.382950,0.766952,5.674329,5.725926,1.159943,1768234751.091164,654,0,3.565261,1768234751.087654,,,6.831013,9.166764,1768234751.057712,,,0.122695,3.811357,1768234751.042005
1768234751.128782,1.303098,14.749495,-12.202726,0.499775,5.409299,5.432337,1.156762,1768234751.128782,604,0,4.375992,1768234751.128782,,,6.831013,9.166764,1768234751.057712,,,0.122695,3.811357,1768234751.042005
1768234751.159420,1.333735,14.781468,-12.057392,0.662930,5.209621,5.251631,1.131059,1768234751.159420,595,0,4.529027,1768234751.157412,,,6.831013,9.166764,1768234751.057712,,,0.122695,3.811357,1768234751.042005
1768234751.189924,1.364240,14.777748,-11.913215,0.427463,5.064666,5.082673,1.137172,1768234751.189924,580,0,4.789304,1768234751.188922,,,6.845220,9.314678,1768234751.164931,,,0.271260,4.669431,1768234751.140378
1768234751.221790,1.396106,14.810651,-11.803932,0.608986,4.574103,4.614465,1.085767,1768234751.221790,578,0,4.824515,1768234751.219279,,,6.845220,9.314678,1768234751.164931,,,0.271260,4.669431,1768234751.140378
1768234751.253061,1.427377,14.806931,-11.659755,0.390600,4.585036,4.601644,1.114651,1768234751.253061,580,0,4.789304,1768234751.251060,,,6.889101,9.488699,1768234751.244956,,,0.271260,4.669431,1768234751.140378
1768234751.299597,1.473913,14.804140,-11.551621,0.255431,3.906617,3.914959,1.105106,1768234751.299597,571,0,4.948721,1768234751.299597,,,6.889101,9.488699,1768234751.244956,,,0.687259,5.385107,1768234751.242955
1768234751.332185,1.506501,14.837042,-11.442348,0.481690,3.740590,3.771477,1.095061,1768234751.332185,572,0,4.930885,1768234751.329663,,,6.889101,9.488699,1768234751.244956,,,0.687259,5.385107,1768234751.242955
1768234751.363647,1.537963,14.834252,-11.334215,0.310584,3.649483,3.662675,1.117331,1768234751.363647,576,0,4.859848,1768234751.362648,,,6.875400,9.335261,1768234751.346205,,,0.208094,2.925675,1768234751.346205
1768234751.396640,1.570956,14.831462,-11.226081,0.192036,3.537897,3.543105,1.136420,1768234751.396640,573,0,4.913079,1768234751.394575,,,6.875400,9.335261,1768234751.346205,,,0.208094,2.925675,1768234751.346205
1768234751.427439,1.601754,14.828672,-11.117948,0.107253,3.529820,3.531449,1.147217,1768234751.427439,575,0,4.877561,1768234751.427439,,,6.875400,9.335261,1768234751.346205,,,0.208094,2.925675,1768234751.346205
1768234751.457275,1.631590,14.861573,-11.008682,0.405895,3.569535,3.592539,1.114901,1768234751.457275,576,0,4.859848,1768234751.456273,,,6.875400,9.335261,1768234751.346205,,,0.208094,2.925675,1768234751.346205
1768234751.493443,1.667758,14.857853,-10.864505,0.253268,3.694577,3.703248,1.114901,1768234751.493443,571,0,4.948721,1768234751.492435,,,6.889484,9.406062,1768234751.462475,,,0.349907,2.984642,1768234751.447691
1768234751.518690,1.693006,14.855063,-10.756371,0.144142,3.871091,3.873774,1.114901,1768234751.518690,570,0,4.966589,1768234751.518690,,,6.889484,9.406062,1768234751.462475,,,0.349907,2.984642,1768234751.447691
1768234751.557702,1.732018,14.852274,-10.648235,0.079448,3.541318,3.542209,1.121264,1768234751.557702,541,0,5.498870,1768234751.557702,,,6.876782,9.514359,1768234751.549629,,,0.349907,2.984642,1768234751.447691
1768234751.596210,1.770526,14.885174,-10.538981,0.311920,3.330066,3.344642,1.098743,1768234751.596210,545,0,5.423779,1768234751.595211,,,6.876782,9.514359,1768234751.549629,,,0.202245,3.366390,1768234751.549629
1768234751.628336,1.802652,14.882384,-10.430847,0.192295,3.340838,3.346367,1.098743,1768234751.628336,543,0,5.461256,1768234751.628336,,,6.876782,9.514359,1768234751.549629,,,0.202245,3.366390,1768234751.549629
1768234751.658804,1.833120,14.879594,-10.322712,0.107131,3.403321,3.405007,1.085767,1768234751.658804,541,0,5.498870,1768234751.657289,,,6.934801,9.592044,1768234751.653284,,,0.202245,3.366390,1768234751.549629
1768234751.698548,1.872864,14.876804,-10.214576,0.053935,3.198572,3.199027,1.082585,1768234751.698548,546,0,5.405092,1768234751.697542,,,6.934801,9.592044,1768234751.653284,,,0.761698,3.334679,1768234751.652779
1768234751.735133,1.909449,14.874945,-10.142486,0.022505,2.830148,2.830237,1.082585,1768234751.735133,546,0,5.405092,1768234751.734130,,,6.934801,9.592044,1768234751.653284,,,0.761698,3.334679,1768234751.652779
1768234751.767675,1.941991,14.872155,-10.034348,-0.009962,2.978012,2.978028,1.098743,1768234751.767675,538,0,5.555554,1768234751.767171,,,6.934801,9.592044,1768234751.653284,,,0.761698,3.334679,1768234751.652779
1768234751.799377,1.973692,14.870296,-9.962256,-0.024572,2.766829,2.766938,1.098743,1768234751.799377,536,0,5.593519,1768234751.799377,,,6.926501,9.853807,1768234751.773708,,,0.237445,5.406141,1768234751.750638
1768234751.829454,2.003769,14.868435,-9.890164,-0.035759,2.655855,2.656096,1.098743,1768234751.829454,537,0,5.574519,1768234751.828450,,,6.926501,9.853807,1768234751.773708,,,0.237445,5.406141,1768234751.750638
1768234751.862027,2.036343,14.866575,-9.818071,-0.042159,2.523077,2.523429,1.088447,1768234751.862027,541,0,5.498870,1768234751.863033,,,6.926501,9.853807,1768234751.773708,,,0.237445,5.406141,1768234751.750638
1768234751.893256,2.067572,14.864716,-9.745978,-0.047376,2.458706,2.459163,1.072540,1768234751.893256,541,0,5.498870,1768234751.890732,,,6.903374,10.069215,1768234751.867538,,,0.000956,6.354034,1768234751.852000
1768234751.923203,2.097519,14.862856,-9.673885,-0.051793,2.443305,2.443854,1.059814,1768234751.923203,532,0,5.669877,1768234751.922201,,,6.903374,10.069215,1768234751.867538,,,0.000956,6.354034,1768234751.852000
1768234751.957328,2.131644,14.860065,-9.565744,-0.060786,2.660994,2.661688,1.056632,1768234751.957328,531,0,5.689056,1768234751.956330,,,6.927229,10.160068,1768234751.955330,,,0.233509,5.266594,1768234751.954269
1768234751.985036,2.159352,14.858206,-9.493650,-0.062685,2.643270,2.644013,1.052699,1768234751.985036,520,0,5.902441,1768234751.985036,,,6.927229,10.160068,1768234751.955330,,,0.233509,5.266594,1768234751.954269
1768234752.020661,2.194977,14.855416,-9.385508,-0.067370,2.760978,2.761800,1.014271,1768234752.020661,533,0,5.650734,1768234752.017601,,,6.927229,10.160068,1768234751.955330,,,0.233509,5.266594,1768234751.954269
1768234752.046471,2.220787,14.853557,-9.313413,-0.068775,2.770665,2.771519,0.990748,1768234752.046471,545,0,5.423779,1768234752.045471,,,6.927229,10.160068,1768234751.955330,,,0.233509,5.266594,1768234751.954269
1768234752.100024,2.274339,14.849836,-9.169222,-0.068983,2.747218,2.748083,0.962114,1768234752.100024,538,0,5.555554,1768234752.099516,,,6.917998,10.018088,1768234752.057777,,,0.141631,3.096602,1768234752.057272
1768234752.139966,2.314282,14.847047,-9.061077,-0.069240,2.735310,2.736187,0.943025,1768234752.139966,521,0,5.882857,1768234752.138461,,,6.917998,10.018088,1768234752.057777,,,0.141631,3.096602,1768234752.057272
1768234752.170853,2.345169,14.843327,-8.916883,-0.084602,3.315228,3.316308,0.914392,1768234752.170853,534,0,5.631627,1768234752.168829,,,6.917998,10.018088,1768234752.057777,,,0.141631,3.096602,1768234752.057272
1768234752.201527,2.375843,14.876228,-8.807660,0.262570,3.388903,3.399059,0.946708,1768234752.201527,534,0,5.631627,1768234752.200527,,,6.937974,9.984803,1768234752.176371,,,0.343917,2.124089,1768234752.157663
1768234752.233462,2.407777,14.872508,-8.663466,0.148849,3.726820,3.729791,0.937163,1768234752.233462,531,0,5.689056,1768234752.233462,,,6.937974,9.984803,1768234752.176371,,,0.343917,2.124089,1768234752.157663
1768234752.264055,2.438371,14.868789,-8.519273,0.067723,4.022731,4.023301,0.923185,1768234752.264055,531,0,5.689056,1768234752.263057,,,6.930292,10.094154,1768234752.258542,,,0.343917,2.124089,1768234752.157663
1768234752.296466,2.470782,14.865998,-8.411126,0.021577,3.816927,3.816988,0.904096,1768234752.296466,529,0,5.727522,1768234752.295415,,,6.930292,10.094154,1768234752.258542,,,0.254829,2.556784,1768234752.257535
1768234752.325544,2.499860,14.897969,-8.265865,0.344951,4.170516,4.184757,0.907778,1768234752.325544,527,0,5.766134,1768234752.325544,,,6.930292,10.094154,1768234752.258542,,,0.254829,2.556784,1768234752.257535
1768234752.356353,2.530669,14.895180,-8.157719,0.214303,3.972433,3.978209,0.891871,1768234752.356353,525,0,5.804894,1768234752.356353,,,6.930292,10.094154,1768234752.258542,,,0.254829,2.556784,1768234752.257535
1768234752.388424,2.562740,14.892390,-8.049572,0.123919,3.792330,3.794354,0.914141,1768234752.388424,527,0,5.766134,1768234752.385915,,,6.954052,10.350668,1768234752.358865,,,0.490185,4.410210,1768234752.357858
1768234752.421467,2.595783,14.890531,-7.977473,0.069859,3.309223,3.309960,0.926867,1768234752.421467,525,0,5.804894,1768234752.419468,,,6.954052,10.350668,1768234752.358865,,,0.490185,4.410210,1768234752.357858
1768234752.448729,2.623044,14.923430,-7.868271,0.410949,3.518177,3.542097,0.969479,1768234752.448729,523,0,5.843801,1768234752.447218,,,6.954052,10.350668,1768234752.358865,,,0.490185,4.410210,1768234752.357858
1768234752.501592,2.675908,14.921571,-7.796174,0.277111,2.871877,2.885215,0.952570,1768234752.501592,523,0,5.843801,1768234752.500087,,,7.045172,10.493797,1768234752.462261,,,1.206528,4.910066,1768234752.460757
1768234752.539994,2.714310,14.919710,-7.724075,0.179442,2.573554,2.579803,0.939844,1768234752.539994,525,0,5.804894,1768234752.537365,,,7.045172,10.493797,1768234752.462261,,,1.206528,4.910066,1768234752.460757
1768234752.570981,2.745296,14.917850,-7.651977,0.107605,2.499511,2.501826,0.927118,1768234752.570981,524,0,5.824328,1768234752.570981,,,7.045172,10.493797,1768234752.462261,,,1.206528,4.910066,1768234752.460757
1768234752.601283,2.775599,14.915991,-7.579878,0.056912,2.463458,2.464115,0.911210,1768234752.601283,524,0,5.824328,1768234752.599272,,,7.041600,10.529941,1768234752.576275,,,0.582102,4.452668,1768234752.562857
1768234752.631687,2.806003,14.913201,-7.471730,0.012314,2.791533,2.791560,0.920755,1768234752.631687,521,0,5.882857,1768234752.631687,,,7.041600,10.529941,1768234752.576275,,,0.582102,4.452668,1768234752.562857
1768234752.662550,2.836866,14.911342,-7.399630,-0.009457,2.654908,2.654925,0.933481,1768234752.662550,518,0,5.941723,1768234752.659550,,,7.041600,10.529941,1768234752.576275,,,0.582102,4.452668,1768234752.562857
1768234752.692949,2.867264,14.908552,-7.291480,-0.034149,2.925754,2.925954,0.955751,1768234752.692949,519,0,5.922063,1768234752.691944,,,7.012049,10.569211,1768234752.663713,,,0.042484,4.116415,1768234752.662550
1768234752.723135,2.897450,14.906693,-7.219380,-0.042386,2.764583,2.764908,0.968477,1768234752.723135,523,0,5.843801,1768234752.722144,,,7.012049,10.569211,1768234752.663713,,,0.042484,4.116415,1768234752.662550
1768234752.758345,2.932661,14.903903,-7.111228,-0.053438,2.856688,2.857188,0.969229,1768234752.758345,526,0,5.785496,1768234752.757340,,,7.012049,10.569211,1768234752.663713,,,0.042484,4.116415,1768234752.662550
1768234752.787294,2.961610,14.901113,-7.003076,-0.066324,3.120460,3.121165,0.953321,1768234752.787294,524,0,5.824328,1768234752.787294,,,6.984222,10.597190,1768234752.767472,,,-0.228567,3.495268,1768234752.765966
1768234752.821787,2.996102,14.897393,-6.858872,-0.078776,3.438544,3.439446,0.975592,1768234752.821787,524,0,5.824328,1768234752.819781,,,6.984222,10.597190,1768234752.767472,,,-0.228567,3.495268,1768234752.765966
1768234752.849811,3.024126,14.894604,-6.750718,-0.085005,3.564786,3.565800,0.994681,1768234752.849811,526,0,5.785496,1768234752.848685,,,6.984222,10.597190,1768234752.767472,,,-0.228567,3.495268,1768234752.765966
1768234752.901491,3.075807,14.891813,-6.642563,-0.075702,3.123174,3.124091,1.016951,1768234752.901491,522,0,5.863310,1768234752.901491,,,7.001819,10.670989,1768234752.885950,,,-0.062130,3.547293,1768234752.866460
1768234752.926077,3.100393,14.889024,-6.534407,-0.087029,3.505960,3.507040,1.023064,1768234752.926077,518,0,5.941723,1768234752.926077,,,7.001819,10.670989,1768234752.885950,,,-0.062130,3.547293,1768234752.866460
1768234752.964178,3.138494,14.886234,-6.426250,-0.082884,3.305778,3.306817,1.068406,1768234752.964178,517,0,5.961421,1768234752.963178,,,7.001819,10.670989,1768234752.885950,,,-0.062130,3.547293,1768234752.866460
1768234753.003445,3.177761,14.919135,-6.317076,0.193344,3.148140,3.154072,1.130558,1768234753.003445,514,0,6.020744,1768234753.000392,,,7.052510,10.794497,1768234752.993795,,,-0.062130,3.547293,1768234752.866460
1768234753.034247,3.208563,14.916346,-6.208920,0.108173,3.257086,3.258882,1.152829,1768234753.034247,512,0,6.060485,1768234753.033245,,,7.052510,10.794497,1768234752.993795,,,0.434804,3.956955,1768234752.968690
1768234753.063333,3.237648,14.913555,-6.100764,0.046939,3.395523,3.395848,1.171918,1768234753.063333,511,0,6.080414,1768234753.062334,,,7.052510,10.794497,1768234752.993795,,,0.434804,3.956955,1768234752.968690
1768234753.094381,3.268697,14.946456,-5.991598,0.350755,3.431666,3.449545,1.163375,1768234753.094381,508,0,6.140435,1768234753.094381,,,7.228406,10.807613,1768234753.084325,,,0.434804,3.956955,1768234752.968690
1768234753.124846,3.299161,14.943666,-5.883442,0.218058,3.467239,3.474090,1.163375,1768234753.124846,507,0,6.160521,1768234753.122841,,,7.228406,10.807613,1768234753.084325,,,1.834470,3.278433,1768234753.072980
1768234753.158357,3.332673,14.976565,-5.774282,0.447158,3.404291,3.433533,1.131059,1768234753.158357,507,0,6.160521,1768234753.154788,,,7.228406,10.807613,1768234753.084325,,,1.834470,3.278433,1768234753.072980
1768234753.187457,3.361773,14.974706,-5.702179,0.293839,3.126318,3.140097,1.131059,1768234753.187457,506,0,6.180647,1768234753.184945,,,7.228406,10.807613,1768234753.084325,,,1.834470,3.278433,1768234753.072980
1768234753.220963,3.395279,14.971916,-5.594024,0.180711,3.156813,3.161981,1.131059,1768234753.220963,506,0,6.180647,1768234753.220963,,,7.307483,10.837149,1768234753.194972,,,2.089310,2.961532,1768234753.171663
1768234753.250626,3.424942,14.969127,-5.485868,0.098286,3.303611,3.305073,1.136420,1768234753.250626,506,0,6.180647,1768234753.250626,,,7.307483,10.837149,1768234753.194972,,,2.089310,2.961532,1768234753.171663
1768234753.301832,3.476147,15.002954,-5.412769,0.266988,2.740798,2.753772,1.072039,1768234753.301832,505,0,6.200812,1768234753.299336,,,7.480833,10.741637,1768234753.273885,,,3.117330,1.225230,1768234753.272824
1768234753.327404,3.501720,14.964478,-5.305607,-0.264494,3.175712,3.186708,1.098242,1768234753.327404,504,0,6.221018,1768234753.327404,,,7.480833,10.741637,1768234753.273885,,,3.117330,1.225230,1768234753.272824
1768234753.364998,3.539314,14.962618,-5.233501,-0.199986,2.798398,2.805535,1.085516,1768234753.364998,503,0,6.241263,1768234753.364998,,,7.480833,10.741637,1768234753.273885,,,3.117330,1.225230,1768234753.272824
1768234753.390856,3.565172,14.959828,-5.125343,-0.172354,3.213731,3.218349,1.069609,1768234753.390856,502,0,6.261549,1768234753.388856,,,7.480833,10.741637,1768234753.273885,,,3.117330,1.225230,1768234753.272824
1768234753.429408,3.603724,14.922279,-5.054224,-0.412844,2.803043,2.833283,1.101925,1768234753.429408,502,0,6.261549,1768234753.425895,,,7.564767,10.778785,1768234753.396427,,,3.196249,0.965329,1768234753.374491
1768234753.468562,3.642878,14.884727,-4.983100,-0.576715,2.507079,2.572556,1.150399,1768234753.468562,499,0,6.322650,1768234753.467053,,,7.564767,10.778785,1768234753.396427,,,3.196249,0.965329,1768234753.374491
1768234753.500448,3.674764,14.847174,-4.911973,-0.757020,2.424142,2.539595,1.189078,1768234753.500448,495,0,6.404692,1768234753.499437,,,7.459165,10.915542,1768234753.489418,,,1.444952,1.684424,1768234753.477288
1768234753.532103,3.706419,14.809619,-4.840843,-0.885834,2.371032,2.531105,1.218212,1768234753.532103,496,0,6.384119,1768234753.532103,,,7.459165,10.915542,1768234753.489418,,,1.444952,1.684424,1768234753.477288
1768234753.562173,3.736489,14.772061,-4.769708,-0.994782,2.369405,2.569761,1.269868,1768234753.562173,494,0,6.425306,1768234753.560667,,,7.459165,10.915542,1768234753.489418,,,1.444952,1.684424,1768234753.477288
1768234753.592899,3.767214,14.699731,-4.735608,-1.402573,1.991532,2.435860,1.340863,1768234753.592899,494,0,6.425306,1768234753.589658,,,7.524348,10.953386,1768234753.579575,,,1.444952,1.684424,1768234753.477288
1768234753.623979,3.798295,14.627395,-4.701505,-1.680011,1.723248,2.406662,1.421652,1768234753.623979,494,0,6.425306,1768234753.621980,,,7.524348,10.953386,1768234753.579575,,,1.547795,1.571408,1768234753.578575
1768234753.653981,3.828296,14.555050,-4.667398,-1.899422,1.547320,2.449899,1.479921,1768234753.653981,495,0,6.404692,1768234753.653981,,,7.524348,10.953386,1768234753.579575,,,1.547795,1.571408,1768234753.578575
1768234753.703441,3.877757,14.482698,-4.633288,-1.768442,1.290018,2.188957,1.469325,1768234753.703441,502,0,6.261549,1768234753.700289,,,7.877485,11.042328,1768234753.680147,,,1.547795,1.571408,1768234753.578575
1768234753.732033,3.906349,14.482698,-4.633288,-1.237909,0.903013,1.532270,1.469325,1768234753.732033,503,0,6.241263,1768234753.729526,,,7.877485,11.042328,1768234753.680147,,,4.446422,1.829385,1768234753.679147
1768234753.766103,3.940418,14.374624,-4.600151,-1.818193,0.923902,2.039466,1.400560,1768234753.766103,507,0,6.160521,1768234753.766103,,,7.877485,11.042328,1768234753.680147,,,4.446422,1.829385,1768234753.679147
1768234753.794462,3.968777,14.302255,-4.566034,-2.038309,1.007647,2.273776,1.352386,1768234753.794462,506,0,6.180647,1768234753.790962,,,7.907166,11.188497,1768234753.782765,,,3.935637,2.591186,1768234753.781548
1768234753.829903,4.004219,14.302255,-4.566034,-1.426816,0.705353,1.591643,1.352386,1768234753.829903,511,0,6.080414,1768234753.827662,,,7.907166,11.188497,1768234753.782765,,,3.935637,2.591186,1768234753.781548
1768234753.855839,4.030154,14.194154,-4.532887,-2.249196,0.877158,2.414185,1.281742,1768234753.855839,513,0,6.040595,1768234753.855839,,,7.907166,11.188497,1768234753.782765,,,3.935637,2.591186,1768234753.781548
1768234753.892909,4.067225,14.121767,-4.498763,-2.160240,0.890172,2.336460,1.259471,1768234753.892909,515,0,6.000931,1768234753.892909,,,7.907166,11.188497,1768234753.782765,,,3.935637,2.591186,1768234753.781548
1768234753.917507,4.091823,14.049373,-4.464634,-2.395111,1.039358,2.610904,1.227456,1768234753.917507,517,0,5.961421,1768234753.918829,,,7.897965,11.442528,1768234753.908487,,,3.935637,2.591186,1768234753.781548
1768234753.958509,4.132825,13.976972,-4.430502,-2.206312,0.977283,2.413067,1.182565,1768234753.958509,514,0,6.020744,1768234753.958509,,,7.897965,11.442528,1768234753.908487,,,3.121714,4.429355,1768234753.882394
1768234753.995973,4.170288,13.905496,-4.432447,-2.116784,0.668523,2.219842,1.131060,1768234753.995973,516,0,5.981157,1768234753.994467,,,7.897965,11.442528,1768234753.908487,,,3.121714,4.429355,1768234753.882394
1768234754.026445,4.200761,13.796404,-4.363200,-2.555742,1.149700,2.802433,1.091027,1768234754.026445,508,0,6.140435,1768234754.023426,,,7.940136,11.462777,1768234754.002013,,,2.767882,3.765397,1768234753.983912
1768234754.057590,4.231906,13.688229,-4.330028,-2.831008,1.124318,3.046095,1.020383,1768234754.057590,522,0,5.863310,1768234754.056082,,,7.940136,11.462777,1768234754.002013,,,2.767882,3.765397,1768234753.983912
1768234754.101990,4.276306,13.615792,-4.295881,-2.471138,1.017743,2.672512,0.988368,1768234754.101990,520,0,5.902441,1768234754.100991,,,8.056755,11.437920,1768234754.094480,,,3.318484,2.787856,1768234754.083894
1768234754.135758,4.310074,13.506658,-4.226610,-2.699367,1.327836,3.008277,0.940345,1768234754.135758,522,0,5.863310,1768234754.134758,,,8.056755,11.437920,1768234754.094480,,,3.318484,2.787856,1768234754.083894
1768234754.165523,4.339838,13.397507,-4.157328,-2.989714,1.627790,3.404128,0.917022,1768234754.165523,520,0,5.902441,1768234754.163521,,,8.056755,11.437920,1768234754.094480,,,3.318484,2.787856,1768234754.083894
1768234754.196145,4.370461,13.324108,-4.087071,-2.811860,1.827733,3.353679,0.881074,1768234754.196145,517,0,5.961421,1768234754.196145,,,8.134774,11.469950,1768234754.185985,,,3.318484,2.787856,1768234754.083894
1768234754.229901,4.404217,13.213997,-3.981673,-2.946894,2.216119,3.687190,0.846027,1768234754.229901,517,0,5.961421,1768234754.228726,,,8.134774,11.469950,1768234754.185985,,,3.302557,2.358205,1768234754.185985
1768234754.259278,4.433594,13.140580,-3.911399,-2.812563,2.268930,3.613662,0.820625,1768234754.259278,518,0,5.941723,1768234754.257240,,,8.134774,11.469950,1768234754.185985,,,3.302557,2.358205,1768234754.185985
1768234754.294553,4.468869,13.066223,-3.805016,-2.601176,2.493002,3.602940,0.859254,1768234754.294553,515,0,6.000931,1768234754.294553,,,8.134774,11.469950,1768234754.185985,,,3.302557,2.358205,1768234754.185985
1768234754.321963,4.496279,12.991858,-3.698622,-2.634740,2.909561,3.925226,0.859254,1768234754.321963,518,0,5.941723,1768234754.321963,,,8.225827,11.465453,1768234754.312932,,,3.302557,2.358205,1768234754.185985
1768234754.357245,4.531561,12.918418,-3.628323,-2.468775,2.634448,3.610425,0.849860,1768234754.357245,516,0,5.981157,1768234754.355739,,,8.225827,11.465453,1768234754.312932,,,3.478206,1.644712,1768234754.287499
1768234754.385462,4.559778,12.844972,-3.558016,-2.509006,2.591599,3.607146,0.836633,1768234754.385462,523,0,5.843801,1768234754.385462,,,8.225827,11.465453,1768234754.312932,,,3.478206,1.644712,1768234754.287499
1768234754.421857,4.596173,12.734787,-3.452543,-2.664549,2.683526,3.781684,0.820625,1768234754.421857,521,0,5.882857,1768234754.420856,,,8.261975,11.466711,1768234754.405459,,,3.104271,1.089087,1768234754.387462
1768234754.446661,4.620977,12.661322,-3.382219,-2.753730,2.729026,3.876934,0.846027,1768234754.446661,517,0,5.961421,1768234754.446661,,,8.261975,11.466711,1768234754.405459,,,3.104271,1.089087,1768234754.387462
1768234754.501505,4.675821,12.587849,-3.311887,-2.329512,2.295035,3.270139,0.827239,1768234754.501505,515,0,6.000931,1768234754.499505,,,8.261975,11.466711,1768234754.405459,,,3.104271,1.089087,1768234754.387462
1768234754.539456,4.713772,12.514369,-3.241549,-2.211510,2.162545,3.093118,0.836633,1768234754.539456,514,0,6.020744,1768234754.539456,,,8.271391,11.478465,1768234754.513543,,,2.409202,0.571799,1768234754.488923
1768234754.570563,4.744879,12.440881,-3.171203,-2.256799,2.192218,3.146262,0.852290,1768234754.570563,512,0,6.060485,1768234754.568562,,,8.271391,11.478465,1768234754.513543,,,2.409202,0.571799,1768234754.488923
1768234754.602204,4.776520,12.332505,-3.137912,-2.607292,1.850189,3.197057,0.826237,1768234754.602204,512,0,6.060485,1768234754.602204,,,8.271391,11.478465,1768234754.513543,,,2.409202,0.571799,1768234754.488923
1768234754.633983,4.808299,12.259934,-3.103675,-2.510186,1.618339,2.986646,0.845576,1768234754.633983,512,0,6.060485,1768234754.633983,,,8.319784,11.554109,1768234754.607717,,,2.186016,1.080211,1768234754.589606
1768234754.664046,4.838362,12.187356,-3.069434,-2.481401,1.474531,2.886450,0.848758,1768234754.664046,508,0,6.140435,1768234754.663046,,,8.319784,11.554109,1768234754.607717,,,2.186016,1.080211,1768234754.589606
1768234754.694343,4.868659,12.114771,-3.035190,-2.455721,1.371257,2.812635,0.861734,1768234754.694343,510,0,6.100382,1768234754.691831,,,8.319784,11.554109,1768234754.607717,,,2.186016,1.080211,1768234754.589606
1768234754.727446,4.901762,12.042178,-3.000942,-2.376876,1.270247,2.695008,0.878143,1768234754.727446,510,0,6.100382,1768234754.723939,,,8.425355,11.653316,1768234754.715915,,,2.186016,1.080211,1768234754.589606
1768234754.757514,4.931829,11.970514,-3.002821,-2.378850,0.870430,2.533096,0.865417,1768234754.757514,510,0,6.100382,1768234754.757007,,,8.425355,11.653316,1768234754.715915,,,2.448281,1.385142,1768234754.694343
1768234754.787592,4.961908,11.898843,-3.004700,-2.380042,0.590560,2.452215,0.849509,1768234754.787592,511,0,6.080414,1768234754.786088,,,8.425355,11.653316,1768234754.715915,,,2.448281,1.385142,1768234754.694343
1768234754.822203,4.996518,11.827166,-3.006579,-2.287315,0.397105,2.321530,0.836783,1768234754.822203,515,0,6.000931,1768234754.818695,,,8.599538,11.794264,1768234754.809672,,,2.448281,1.385142,1768234754.694343
1768234754.851968,5.026283,11.827166,-3.006579,-1.601120,0.277974,1.625071,0.836783,1768234754.851968,515,0,6.000931,1768234754.850463,,,8.599538,11.794264,1768234754.809672,,,3.560140,2.225227,1768234754.795620
1768234754.902629,5.076945,11.719635,-3.009398,-1.757543,0.177888,1.766522,0.824057,1768234754.902629,517,0,5.961421,1768234754.900629,,,8.599538,11.794264,1768234754.809672,,,3.560140,2.225227,1768234754.795620
1768234754.941970,5.116285,11.719635,-3.009398,-1.230280,0.124522,1.236565,0.824057,1768234754.941970,521,0,5.882857,1768234754.941970,,,8.587211,12.005868,1768234754.916469,,,2.610626,3.596262,1768234754.898520
1768234754.974282,5.148597,11.612090,-3.012217,-1.859689,0.060990,1.860689,0.807899,1768234754.974282,519,0,5.922063,1768234754.974282,,,8.587211,12.005868,1768234754.916469,,,2.610626,3.596262,1768234754.898520
1768234755.005464,5.179780,11.612090,-3.012217,-1.301782,0.042693,1.302482,0.807899,1768234755.005464,519,0,5.922063,1768234755.003464,,,8.680314,12.149844,1768234755.002455,,,2.821801,4.251812,1768234755.000949
1768234755.035196,5.209511,11.541321,-3.050237,-1.625337,-0.353748,1.663388,0.759425,1768234755.035196,517,0,5.961421,1768234755.035196,,,8.680314,12.149844,1768234755.002455,,,2.821801,4.251812,1768234755.000949
1768234755.066988,5.241304,11.541321,-3.050237,-1.137736,-0.247624,1.164371,0.759425,1768234755.066988,519,0,5.922063,1768234755.064476,,,8.680314,12.149844,1768234755.002455,,,2.821801,4.251812,1768234755.000949
1768234755.098602,5.272917,11.468672,-3.015977,-1.485830,0.151777,1.493562,0.794923,1768234755.098602,520,0,5.902441,1768234755.097083,,,8.680314,12.149844,1768234755.002455,,,2.821801,4.251812,1768234755.000949
1768234755.128664,5.302980,11.468672,-3.015977,-1.040081,0.106244,1.045493,0.794923,1768234755.128664,523,0,5.843801,1768234755.125155,,,8.767397,12.204101,1768234755.118644,,,2.821801,4.251812,1768234755.000949
1768234755.160728,5.335044,11.395080,-2.945570,-1.416612,0.733124,1.595074,0.878894,1768234755.160728,523,0,5.843801,1768234755.158729,,,8.767397,12.204101,1768234755.118644,,,3.020802,4.092478,1768234755.100600
1768234755.191921,5.366237,11.395080,-2.945570,-0.991629,0.513187,1.116552,0.878894,1768234755.191921,521,0,5.882857,1768234755.191921,,,8.767397,12.204101,1768234755.118644,,,3.020802,4.092478,1768234755.100600
1768234755.222102,5.396417,11.320542,-2.839011,-1.435050,1.418446,2.017761,0.972661,1768234755.222102,522,0,5.863310,1768234755.219596,,,8.767397,12.204101,1768234755.118644,,,3.020802,4.092478,1768234755.100600
1768234755.253179,5.427495,11.282804,-2.767653,-1.368840,1.681747,2.168408,1.053451,1768234755.253179,517,0,5.961421,1768234755.253179,,,9.068334,12.201581,1768234755.227611,,,5.093011,3.122710,1768234755.204059
1768234755.303046,5.477362,11.282804,-2.767653,-0.958188,1.177223,1.517886,1.053451,1768234755.303046,517,0,5.961421,1768234755.302045,,,9.068334,12.201581,1768234755.227611,,,5.093011,3.122710,1768234755.204059
1768234755.331320,5.505635,11.282804,-2.767653,-0.670732,0.824056,1.062520,1.053451,1768234755.331320,516,0,5.981157,1768234755.330319,,,9.044799,11.962838,1768234755.321677,,,5.093011,3.122710,1768234755.204059
1768234755.367468,5.541784,11.245062,-2.696293,-0.782731,1.169065,1.406905,1.124446,1768234755.367468,514,0,6.020744,1768234755.367468,,,9.044799,11.962838,1768234755.321677,,,4.054662,0.083531,1768234755.307528
1768234755.393443,5.567759,11.243188,-2.623997,-0.569556,1.653330,1.748683,1.205236,1768234755.393443,507,0,6.160521,1768234755.392446,,,9.044799,11.962838,1768234755.321677,,,4.054662,0.083531,1768234755.307528
1768234755.430593,5.604908,11.169572,-2.553559,-0.993178,1.726155,1.991486,1.285775,1768234755.430593,505,0,6.200812,1768234755.428592,,,8.972351,11.899557,1768234755.429592,,,4.054662,0.083531,1768234755.307528
1768234755.455192,5.629508,11.130887,-2.446036,-1.167005,2.519604,2.776743,1.317239,1768234755.455192,505,0,6.200812,1768234755.453192,,,8.972351,11.899557,1768234755.429592,,,2.653624,-0.538531,1768234755.409086
1768234755.496325,5.670641,11.057261,-2.375584,-1.353883,2.277552,2.649574,1.314459,1768234755.496325,505,0,6.200812,1768234755.494709,,,8.972351,11.899557,1768234755.429592,,,2.653624,-0.538531,1768234755.409086
1768234755.533108,5.707424,10.946806,-2.269892,-1.848592,2.456315,3.074211,1.292539,1768234755.533108,526,0,5.785496,1768234755.531108,,,8.994935,11.774282,1768234755.523578,,,2.249064,-1.311034,1768234755.508901
1768234755.564674,5.738990,10.837273,-2.200342,-2.335003,2.380409,3.334454,1.284523,1768234755.564674,546,0,5.405092,1768234755.564167,,,8.994935,11.774282,1768234755.523578,,,2.249064,-1.311034,1768234755.508901
1768234755.595740,5.770056,10.763616,-2.129863,-2.345793,2.346888,3.318227,1.258770,1768234755.595740,552,0,5.293685,1768234755.596736,,,8.994935,11.774282,1768234755.523578,,,2.249064,-1.311034,1768234755.508901
1768234755.627257,5.801573,10.654055,-2.060295,-2.684929,2.305022,3.538640,1.275479,1768234755.627257,559,0,5.165231,1768234755.625752,,,8.994935,11.774282,1768234755.523578,,,2.249064,-1.311034,1768234755.508901
1768234755.657265,5.831581,10.543539,-1.954550,-2.984327,2.670697,4.004850,1.243815,1768234755.657265,563,0,5.092549,1768234755.654752,,,9.027609,11.776958,1768234755.631460,,,1.912958,-0.700089,1768234755.609166
1768234755.701781,5.876097,10.433945,-1.884958,-2.827600,2.338479,3.669306,1.268865,1768234755.701781,585,0,4.701805,1768234755.698776,,,9.027609,11.776958,1768234755.631460,,,1.912958,-0.700089,1768234755.609166
1768234755.732987,5.907303,10.361186,-1.850614,-2.678785,1.967098,3.323457,1.291838,1768234755.732987,630,0,3.946376,1768234755.731982,,,9.152731,11.760603,1768234755.723448,,,2.535277,-0.487414,1768234755.710801
1768234755.767067,5.941383,10.251565,-1.781005,-2.840116,1.989715,3.467741,1.244165,1768234755.767067,708,0,2.756532,1768234755.764562,,,9.152731,11.760603,1768234755.723448,,,2.535277,-0.487414,1768234755.710801
1768234755.797674,5.971990,10.178787,-1.746652,-2.701437,1.729524,3.207649,1.211849,1768234755.797674,724,0,2.528732,1768234755.797674,,,9.152731,11.760603,1768234755.723448,,,2.535277,-0.487414,1768234755.710801
1768234755.829747,6.004063,10.106004,-1.712296,-2.571792,1.532023,2.993528,1.179533,1768234755.829747,729,0,2.458576,1768234755.829747,,,9.074817,11.701360,1768234755.812209,,,2.535277,-0.487414,1768234755.710801
1768234755.857513,6.031829,10.033212,-1.677936,-2.586743,1.443659,2.962328,1.147217,1768234755.857513,789,0,1.652336,1768234755.855003,,,9.074817,11.701360,1768234755.812209,,,1.083537,-0.925728,1768234755.810704
1768234755.893207,6.067522,9.961353,-1.679754,-2.414683,0.995285,2.611760,1.147217,1768234755.893207,853,0,0.857302,1768234755.890974,,,9.074817,11.701360,1768234755.812209,,,1.083537,-0.925728,1768234755.810704
1768234755.921179,6.095494,9.888547,-1.645389,-2.471128,1.065261,2.690958,1.114901,1768234755.921179,866,0,0.703119,1768234755.920172,,,9.074817,11.701360,1768234755.812209,,,1.083537,-0.925728,1768234755.810704
1768234756.023007,6.197322,9.888547,-1.645389,-1.729790,0.745683,1.883671,1.114901,1768234756.023007,884,0,0.493415,1768234756.024138,,,8.952057,11.691323,1768234755.926473,,,-0.730887,-0.428895,1768234755.913075
1768234756.060435,6.234751,9.780735,-1.648113,-2.074999,0.500142,2.134423,1.098743,1768234756.060435,865,0,0.714897,1768234756.059434,,,8.873556,11.594653,1768234756.035790,,,-0.782139,-1.301532,1768234756.012966
1768234756.169213,6.343528,9.708851,-1.649930,-1.650750,0.345090,1.686435,1.034111,1768234756.169213,889,0,0.435921,1768234756.166189,,,8.779563,11.447740,1768234756.129975,,,-1.266084,-2.076836,1768234756.114454
1768234756.201267,6.375583,9.708851,-1.649930,-1.155525,0.241563,1.180504,1.034111,1768234756.201267,896,0,0.355970,1768234756.199264,,,8.779563,11.447740,1768234756.129975,,,-1.266084,-2.076836,1768234756.114454
1768234756.292773,6.467089,9.636961,-1.651746,-1.044556,0.163138,1.057219,0.953321,1768234756.292773,931,0,0.000000,1768234756.292773,,,8.790267,11.570444,1768234756.215956,,,-0.511066,-0.225300,1768234756.213956
1768234756.327568,6.501884,9.636961,-1.651746,-0.731190,0.114197,0.740053,0.953321,1768234756.327568,953,0,0.000000,1768234756.326063,,,8.790267,11.570444,1768234756.215956,,,-0.511066,-0.225300,1768234756.213956
1768234756.357395,6.531710,9.636961,-1.651746,-0.511833,0.079938,0.518037,0.953321,1768234756.357395,940,0,0.000000,1768234756.354889,,,8.827664,11.592817,1768234756.331090,,,0.000000,0.000000,1768234756.317448
1768234756.388741,6.563056,9.636961,-1.651746,-0.358283,0.055956,0.362626,0.953321,1768234756.388741,936,0,0.000000,1768234756.387567,,,8.827664,11.592817,1768234756.331090,,,0.000000,0.000000,1768234756.317448
1768234756.422031,6.596347,9.602893,-1.725034,-0.557802,-0.621258,0.834928,0.917573,1768234756.422031,960,0,0.000000,1768234756.419520,,,8.827664,11.592817,1768234756.331090,,,0.000000,0.000000,1768234756.317448
1768234756.450295,6.624610,9.602893,-1.725034,-0.390461,-0.434881,0.584450,0.917573,1768234756.450295,959,0,0.000000,1768234756.449296,,,8.763683,11.592819,1768234756.438939,,,0.000000,0.000000,1768234756.317448
1768234756.635285,6.809601,9.602893,-1.725034,-0.273323,-0.304417,0.409115,0.917573,1768234756.635285,729,0,2.458576,1768234756.633780,,,8.776348,11.606701,1768234756.527451,,,0.038695,0.129841,1768234756.526450
1768234756.668359,6.842675,9.640720,-1.796500,0.151789,-0.861332,0.874605,0.953321,1768234756.668359,802,0,1.485748,1768234756.665848,,,8.776348,11.606701,1768234756.527451,,,0.038695,0.129841,1768234756.526450
1768234756.759624,6.933939,9.640720,-1.796500,0.106252,-0.602933,0.612223,0.953321,1768234756.759624,904,0,0.265360,1768234756.759624,,,8.776348,11.606701,1768234756.527451,,,0.038695,0.129841,1768234756.526450
1768234756.792183,6.966499,9.640720,-1.796500,0.074377,-0.422053,0.428556,0.953321,1768234756.792183,927,0,0.009253,1768234756.788671,,,8.776348,11.606701,1768234756.527451,,,0.038695,0.129841,1768234756.526450
1768234756.822770,6.997086,9.713551,-1.830863,0.766395,-0.632475,0.993673,1.017953,1768234756.822770,951,0,0.000000,1768234756.821772,,,8.776348,11.606701,1768234756.527451,,,0.038695,0.129841,1768234756.526450
1768234756.855009,7.029325,9.713551,-1.830863,0.536477,-0.442732,0.695571,1.017953,1768234756.855009,960,0,0.000000,1768234756.855009,,,8.776348,11.606701,1768234756.527451,,,0.038695,0.129841,1768234756.526450
1768234756.901729,7.076045,9.713551,-1.830863,0.375534,-0.309913,0.486900,1.017953,1768234756.901729,955,0,0.000000,1768234756.899727,,,8.776348,11.606701,1768234756.527451,,,0.038695,0.129841,1768234756.526450
1768234756.930112,7.104428,9.751372,-1.902322,0.662638,-0.972233,1.176574,1.066427,1768234756.930112,966,0,0.000000,1768234756.928107,,,8.776348,11.606701,1768234756.527451,,,0.038695,0.129841,1768234756.526450
1768234756.966229,7.140545,9.751372,-1.902322,0.463847,-0.680563,0.823602,1.066427,1768234756.966229,969,0,0.000000,1768234756.964229,,,8.776348,11.606701,1768234756.527451,,,0.038695,0.129841,1768234756.526450
1768234756.992991,7.167307,9.824191,-1.936677,1.140985,-0.861512,1.429703,1.130809,1768234756.992991,952,0,0.000000,1768234756.990480,,,8.776348,11.606701,1768234756.527451,,,0.038695,0.129841,1768234756.526450
1768234757.030439,7.204755,9.824191,-1.936677,0.798690,-0.603058,1.000792,1.130809,1768234757.030439,997,0,0.000000,1768234757.030439,,,8.776348,11.606701,1768234756.527451,,,0.038695,0.129841,1768234756.526450
1768234757.055653,7.229968,9.824191,-1.936677,0.559083,-0.422141,0.700554,1.130809,1768234757.055653,947,0,0.000000,1768234757.055653,,,8.776348,11.606701,1768234756.527451,,,0.038695,0.129841,1768234756.526450
1768234757.095843,7.270159,9.824191,-1.936677,0.391358,-0.295498,0.490388,1.130809,1768234757.095843,938,0,0.000000,1768234757.095843,,,8.776348,11.606701,1768234756.527451,,,0.038695,0.129841,1768234756.526450
1768234757.132369,7.306684,9.824191,-1.936677,0.273951,-0.206849,0.343272,1.130809,1768234757.132369,948,0,0.000000,1768234757.132369,,,8.776348,11.606701,1768234756.527451,,,0.038695,0.129841,1768234756.526450
1768234757.162973,7.337288,9.897002,-1.971028,0.905504,-0.481530,1.025577,1.205236,1768234757.162973,959,0,0.000000,1768234757.161968,,,8.776348,11.606701,1768234756.527451,,,0.038695,0.129841,1768234756.526450
1768234757.194913,7.369229,9.897002,-1.971028,0.633853,-0.337071,0.717904,1.205236,1768234757.194913,971,0,0.000000,1768234757.193396,,,8.776348,11.606701,1768234756.527451,,,0.038695,0.129841,1768234756.526450
1768234757.225245,7.399560,9.897002,-1.971028,0.443697,-0.235950,0.502533,1.205236,1768234757.225245,964,0,0.000000,1768234757.223142,,,8.776348,11.606701,1768234756.527451,,,0.038695,0.129841,1768234756.526450
1768234757.255736,7.430052,9.897002,-1.971028,0.310588,-0.165165,0.351773,1.205236,1768234757.255736,968,0,0.000000,1768234757.254736,,,8.776348,11.606701,1768234756.527451,,,0.038695,0.129841,1768234756.526450
1768234757.301571,7.475887,9.897002,-1.971028,0.217411,-0.115615,0.246241,1.205236,1768234757.301571,968,0,0.000000,1768234757.300571,,,8.776348,11.606701,1768234756.527451,,,0.038695,0.129841,1768234756.526450
1768234757.331368,7.505684,9.897002,-1.971028,0.152188,-0.080931,0.172369,1.205236,1768234757.331368,970,0,0.000000,1768234757.329368,,,8.776348,11.606701,1768234756.527451,,,0.038695,0.129841,1768234756.526450
1768234757.364572,7.538887,9.897002,-1.971028,0.106532,-0.056652,0.120658,1.205236,1768234757.364572,933,0,0.000000,1768234757.361567,,,8.776348,11.606701,1768234756.527451,,,0.038695,0.129841,1768234756.526450
1768234757.394986,7.569302,9.969807,-2.005377,0.792698,-0.378459,0.878409,1.263505,1768234757.394986,930,0,0.000000,1768234757.394986,,,8.776348,11.606701,1768234756.527451,,,0.038695,0.129841,1768234756.526450
1768234757.495105,7.669421,9.969807,-2.005377,0.554889,-0.264921,0.614886,1.263505,1768234757.495105,926,0,0.020255,1768234757.493599,,,8.776348,11.606701,1768234756.527451,,,0.038695,0.129841,1768234756.526450
1768234757.532193,7.706509,9.969807,-2.005377,0.388422,-0.185445,0.430420,1.263505,1768234757.532193,937,0,0.000000,1768234757.530687,,,8.776348,11.606701,1768234756.527451,,,0.038695,0.129841,1768234756.526450
1768234757.563329,7.737645,9.969807,-2.005377,0.271896,-0.129812,0.301294,1.263505,1768234757.563329,945,0,0.000000,1768234757.562264,,,8.776348,11.606701,1768234756.527451,,,0.038695,0.129841,1768234756.526450
1768234757.595002,7.769318,9.969807,-2.005377,0.190327,-0.090868,0.210906,1.263505,1768234757.595002,954,0,0.000000,1768234757.595002,,,8.776348,11.606701,1768234756.527451,,,0.038695,0.129841,1768234756.526450
1768234757.627345,7.801661,9.969807,-2.005377,0.133229,-0.063608,0.147634,1.263505,1768234757.627345,950,0,0.000000,1768234757.623801,,,8.776348,11.606701,1768234756.527451,,,0.038695,0.129841,1768234756.526450
1768234757.659205,7.833520,9.969807,-2.005377,0.093260,-0.044525,0.103344,1.263505,1768234757.659205,941,0,0.000000,1768234757.657683,,,8.776348,11.606701,1768234756.527451,,,0.038695,0.129841,1768234756.526450
1768234757.767717,7.942033,9.969807,-2.005377,0.065282,-0.031168,0.072341,1.263505,1768234757.767717,951,0,0.000000,1768234757.767717,,,8.776348,11.606701,1768234756.527451,,,0.038695,0.129841,1768234756.526450
1768234757.797562,7.971877,9.969807,-2.005377,0.045697,-0.021817,0.050639,1.263505,1768234757.797562,949,0,0.000000,1768234757.795555,,,8.776348,11.606701,1768234756.527451,,,0.038695,0.129841,1768234756.526450
1768234757.831336,8.005652,9.969807,-2.005377,0.031988,-0.015272,0.035447,1.263505,1768234757.831336,941,0,0.000000,1768234757.829329,,,8.776348,11.606701,1768234756.527451,,,0.038695,0.129841,1768234756.526450
1768234757.859832,8.034148,9.969807,-2.005377,0.022392,-0.010691,0.024813,1.263505,1768234757.859832,935,0,0.000000,1768234757.857372,,,8.776348,11.606701,1768234756.527451,,,0.038695,0.129841,1768234756.526450
1768234758.020728,8.195044,9.969807,-2.005377,0.015674,-0.007483,0.017369,1.263505,1768234758.020728,945,0,0.000000,1768234758.017723,,,8.776348,11.606701,1768234756.527451,,,0.038695,0.129841,1768234756.526450
1768234758.047547,8.221863,9.969807,-2.005377,0.010972,-0.005238,0.012158,1.263505,1768234758.047547,949,0,0.000000,1768234758.045038,,,8.776348,11.606701,1768234756.527451,,,0.038695,0.129841,1768234756.526450
1768234758.102023,8.276339,9.969807,-2.005377,0.007680,-0.003667,0.008511,1.263505,1768234758.102023,954,0,0.000000,1768234758.099985,,,8.776348,11.606701,1768234756.527451,,,0.038695,0.129841,1768234756.526450
1768234758.139708,8.314023,9.969807,-2.005377,0.005376,-0.002567,0.005958,1.263505,1768234758.139708,943,0,0.000000,1768234758.139708,,,8.776348,11.606701,1768234756.527451,,,0.038695,0.129841,1768234756.526450
1768234758.232920,8.407236,9.969807,-2.005377,0.003763,-0.001797,0.004170,1.263505,1768234758.232920,940,0,0.000000,1768234758.230834,,,8.776348,11.606701,1768234756.527451,,,0.038695,0.129841,1768234756.526450
1768234758.263036,8.437352,9.969807,-2.005377,0.002634,-0.001258,0.002919,1.263505,1768234758.263036,939,0,0.000000,1768234758.263036,,,8.776348,11.606701,1768234756.527451,,,0.038695,0.129841,1768234756.526450
1768234758.295093,8.469409,9.969807,-2.005377,0.001844,-0.000880,0.002043,1.263505,1768234758.295093,951,0,0.000000,1768234758.291577,,,8.776348,11.606701,1768234756.527451,,,0.038695,0.129841,1768234756.526450
1768234758.327735,8.502051,9.969807,-2.005377,0.001291,-0.000616,0.001430,1.263505,1768234758.327735,941,0,0.000000,1768234758.324715,,,8.776348,11.606701,1768234756.527451,,,0.038695,0.129841,1768234756.526450
1768234758.357500,8.531816,9.969807,-2.005377,0.000904,-0.000431,0.001001,1.263505,1768234758.357500,951,0,0.000000,1768234758.357500,,,8.776348,11.606701,1768234756.527451,,,0.038695,0.129841,1768234756.526450
1768234758.388299,8.562615,9.969807,-2.005377,0.000633,-0.000302,0.000701,1.263505,1768234758.388299,945,0,0.000000,1768234758.386282,,,8.776348,11.606701,1768234756.527451,,,0.038695,0.129841,1768234756.526450
1768234758.423139,8.597454,9.969807,-2.005377,0.000443,-0.000211,0.000491,1.263505,1768234758.423139,947,0,0.000000,1768234758.423139,,,8.776348,11.606701,1768234756.527451,,,0.038695,0.129841,1768234756.526450
1768234758.451530,8.625846,9.969807,-2.005377,0.000310,-0.000148,0.000343,1.263505,1768234758.451530,936,0,0.000000,1768234758.450530,,,8.776348,11.606701,1768234756.527451,,,0.038695,0.129841,1768234756.526450
1768234758.501559,8.675875,9.969807,-2.005377,0.000217,-0.000104,0.000240,1.263505,1768234758.501559,952,0,0.000000,1768234758.501559,,,8.776348,11.606701,1768234756.527451,,,0.038695,0.129841,1768234756.526450
1768234758.527792,8.702108,9.969807,-2.005377,0.000152,-0.000073,0.000168,1.263505,1768234758.527792,956,0,0.000000,1768234758.525288,,,8.776348,11.606701,1768234756.527451,,,0.038695,0.129841,1768234756.526450
1768234758.565457,8.739773,9.969807,-2.005377,0.000106,-0.000051,0.000118,1.263505,1768234758.565457,971,0,0.000000,1768234758.565457,,,8.776348,11.606701,1768234756.527451,,,0.038695,0.129841,1768234756.526450
1768234758.606317,8.780633,9.969807,-2.005377,0.000074,-0.000036,0.000082,1.263505,1768234758.606317,957,0,0.000000,1768234758.602316,,,8.776348,11.606701,1768234756.527451,,,0.038695,0.129841,1768234756.526450
1768234758.635926,8.810241,9.969807,-2.005377,0.000052,-0.000025,0.000058,1.263505,1768234758.635926,951,0,0.000000,1768234758.635419,,,8.776348,11.606701,1768234756.527451,,,0.038695,0.129841,1768234756.526450
1768234758.667582,8.841897,9.969807,-2.005377,0.000036,-0.000017,0.000040,1.263505,1768234758.667582,956,0,0.000000,1768234758.665071,,,8.776348,11.606701,1768234756.527451,,,0.038695,0.129841,1768234756.526450
1768234758.697524,8.871840,9.969807,-2.005377,0.000026,-0.000012,0.000028,1.263505,1768234758.697524,951,0,0.000000,1768234758.696498,,,8.776348,11.606701,1768234756.527451,,,0.038695,0.129841,1768234756.526450
1768234758.730090,8.904406,9.969807,-2.005377,0.000018,-0.000009,0.000020,1.263505,1768234758.730090,953,0,0.000000,1768234758.729080,,,8.776348,11.606701,1768234756.527451,,,0.038695,0.129841,1768234756.526450
1768234758.761405,8.935721,9.969807,-2.005377,0.000013,-0.000006,0.000014,1.263505,1768234758.761405,951,0,0.000000,1768234758.759262,,,8.776348,11.606701,1768234756.527451,,,0.038695,0.129841,1768234756.526450
1768234758.790559,8.964875,9.969807,-2.005377,0.000009,-0.000004,0.000010,1.263505,1768234758.790559,949,0,0.000000,1768234758.787553,,,8.776348,11.606701,1768234756.527451,,,0.038695,0.129841,1768234756.526450
1768234758.902010,9.076326,9.969807,-2.005377,0.000006,-0.000003,0.000007,1.263505,1768234758.902010,951,0,0.000000,1768234758.901003,,,8.776348,11.606701,1768234756.527451,,,0.038695,0.129841,1768234756.526450
1768234758.945203,9.119518,9.969807,-2.005377,0.000004,-0.000002,0.000005,1.263505,1768234758.945203,945,0,0.000000,1768234758.943174,,,8.776348,11.606701,1768234756.527451,,,0.038695,0.129841,1768234756.526450
1768234758.992005,9.166321,9.969807,-2.005377,0.000003,-0.000001,0.000003,1.263505,1768234758.992005,942,0,0.000000,1768234758.992005,,,8.776348,11.606701,1768234756.527451,,,0.038695,0.129841,1768234756.526450
1768234759.027086,9.201401,9.969807,-2.005377,0.000002,-0.000001,0.000002,1.263505,1768234759.027086,940,0,0.000000,1768234759.025076,,,8.776348,11.606701,1768234756.527451,,,0.038695,0.129841,1768234756.526450
1768234759.053088,9.227404,9.969807,-2.005377,0.000001,-0.000001,0.000002,1.263505,1768234759.053088,940,0,0.000000,1768234759.053088,,,8.776348,11.606701,1768234756.527451,,,0.038695,0.129841,1768234756.526450
1768234759.086202,9.260517,9.969807,-2.005377,0.000001,-0.000000,0.000001,1.263505,1768234759.086202,941,0,0.000000,1768234759.086202,,,8.776348,11.606701,1768234756.527451,,,0.038695,0.129841,1768234756.526450
1768234759.117366,9.291682,9.969807,-2.005377,0.000001,-0.000000,0.000001,1.263505,1768234759.117366,943,0,0.000000,1768234759.115367,,,8.776348,11.606701,1768234756.527451,,,0.038695,0.129841,1768234756.526450
1768234759.148988,9.323303,9.969807,-2.005377,0.000001,-0.000000,0.000001,1.263505,1768234759.148988,942,0,0.000000,1768234759.147975,,,8.776348,11.606701,1768234756.527451,,,0.038695,0.129841,1768234756.526450
1768234759.180424,9.354740,9.969807,-2.005377,0.000000,-0.000000,0.000000,1.263505,1768234759.180424,940,0,0.000000,1768234759.180424,,,8.776348,11.606701,1768234756.527451,,,0.038695,0.129841,1768234756.526450
1768234759.212129,9.386445,9.969807,-2.005377,0.000000,-0.000000,0.000000,1.263505,1768234759.212129,933,0,0.000000,1768234759.208972,,,8.776348,11.606701,1768234756.527451,,,0.038695,0.129841,1768234756.526450
1768234759.242344,9.416659,9.969807,-2.005377,0.000000,-0.000000,0.000000,1.263505,1768234759.242344,933,0,0.000000,1768234759.242344,,,8.776348,11.606701,1768234756.527451,,,0.038695,0.129841,1768234756.526450
1768234759.273066,9.447381,9.969807,-2.005377,0.000000,-0.000000,0.000000,1.263505,1768234759.273066,936,0,0.000000,1768234759.271059,,,8.776348,11.606701,1768234756.527451,,,0.038695,0.129841,1768234756.526450
1768234759.302099,9.476414,9.969807,-2.005377,0.000000,-0.000000,0.000000,1.263505,1768234759.302099,940,0,0.000000,1768234759.302099,,,8.776348,11.606701,1768234756.527451,,,0.038695,0.129841,1768234756.526450
1768234759.333264,9.507580,9.969807,-2.005377,0.000000,-0.000000,0.000000,1.263505,1768234759.333264,947,0,0.000000,1768234759.331265,,,8.776348,11.606701,1768234756.527451,,,0.038695,0.129841,1768234756.526450
1768234759.366747,9.541063,9.969807,-2.005377,0.000000,-0.000000,0.000000,1.263505,1768234759.366747,943,0,0.000000,1768234759.365243,,,8.776348,11.606701,1768234756.527451,,,0.038695,0.129841,1768234756.526450
1768234759.397761,9.572077,9.969807,-2.005377,0.000000,-0.000000,0.000000,1.263505,1768234759.397761,941,0,0.000000,1768234759.397197,,,8.776348,11.606701,1768234756.527451,,,0.038695,0.129841,1768234756.526450
1768234759.494018,9.668334,9.969807,-2.005377,0.000000,-0.000000,0.000000,1.263505,1768234759.494018,947,0,0.000000,1768234759.492773,,,8.776348,11.606701,1768234756.527451,,,0.038695,0.129841,1768234756.526450
1768234759.521953,9.696269,9.969807,-2.005377,0.000000,-0.000000,0.000000,1.263505,1768234759.521953,947,0,0.000000,1768234759.520832,,,8.776348,11.606701,1768234756.527451,,,0.038695,0.129841,1768234756.526450
1768234759.557671,9.731987,9.969807,-2.005377,0.000000,-0.000000,0.000000,1.263505,1768234759.557671,941,0,0.000000,1768234759.556669,,,8.776348,11.606701,1768234756.527451,,,0.038695,0.129841,1768234756.526450
1768234759.585612,9.759927,9.969807,-2.005377,0.000000,-0.000000,0.000000,1.263505,1768234759.585612,942,0,0.000000,1768234759.585612,,,8.776348,11.606701,1768234756.527451,,,0.038695,0.129841,1768234756.526450
1768234759.701256,9.875572,9.969807,-2.005377,0.000000,-0.000000,0.000000,1.263505,1768234759.701256,1005,0,0.000000,1768234759.701256,,,8.776348,11.606701,1768234756.527451,,,0.038695,0.129841,1768234756.526450
1768234759.738031,9.912347,9.969807,-2.005377,0.000000,-0.000000,0.000000,1.263505,1768234759.738031,943,0,0.000000,1768234759.738031,,,8.776348,11.606701,1768234756.527451,,,0.038695,0.129841,1768234756.526450
1768234759.769233,9.943549,9.969807,-2.005377,0.000000,-0.000000,0.000000,1.263505,1768234759.769233,935,0,0.000000,1768234759.766623,,,8.776348,11.606701,1768234756.527451,,,0.038695,0.129841,1768234756.526450
1768234759.799291,9.973607,9.969807,-2.005377,0.000000,-0.000000,0.000000,1.263505,1768234759.799291,936,0,0.000000,1768234759.799291,,,8.776348,11.606701,1768234756.527451,,,0.038695,0.129841,1768234756.526450
1768234759.896088,10.070404,9.969807,-2.005377,0.000000,-0.000000,0.000000,1.263505,1768234759.896088,943,0,0.000000,1768234759.893089,,,8.776348,11.606701,1768234756.527451,,,0.038695,0.129841,1768234756.526450
1768234759.925005,10.099320,9.969807,-2.005377,0.000000,-0.000000,0.000000,1.263505,1768234759.925005,941,0,0.000000,1768234759.925005,,,8.776348,11.606701,1768234756.527451,,,0.038695,0.129841,1768234756.526450
1768234759.959381,10.133697,9.969807,-2.005377,0.000000,-0.000000,0.000000,1.263505,1768234759.959381,938,0,0.000000,1768234759.958859,,,8.776348,11.606701,1768234756.527451,,,0.038695,0.129841,1768234756.526450
1768234759.984059,10.158374,9.969807,-2.005377,0.000000,-0.000000,0.000000,1.263505,1768234759.984059,937,0,0.000000,1768234759.984059,,,8.776348,11.606701,1768234756.527451,,,0.038695,0.129841,1768234756.526450
1768234760.020712,10.195028,9.969807,-2.005377,0.000000,-0.000000,0.000000,1.263505,1768234760.020712,933,0,0.000000,1768234760.019711,,,8.776348,11.606701,1768234756.527451,,,0.038695,0.129841,1768234756.526450
1768234760.044880,10.219196,9.969807,-2.005377,0.000000,-0.000000,0.000000,1.263505,1768234760.044880,960,0,0.000000,1768234760.044880,,,8.776348,11.606701,1768234756.527451,,,0.038695,0.129841,1768234756.526450
1768234760.099505,10.273821,9.969807,-2.005377,0.000000,-0.000000,0.000000,1.263505,1768234760.099505,920,0,0.086519,1768234760.097501,,,8.776348,11.606701,1768234756.527451,,,0.038695,0.129841,1768234756.526450
1768234760.122040,10.296356,9.969807,-2.005377,0.000000,-0.000000,0.000000,1.263505,1768234760.122040,918,0,0.108704,1768234760.118541,,,8.776348,11.606701,1768234756.527451,,,0.038695,0.129841,1768234756.526450
1768234760.228556,10.402872,9.969807,-2.005377,0.000000,-0.000000,0.000000,1.263505,1768234760.228556,928,0,0.000000,1768234760.228556,,,8.776348,11.606701,1768234756.527451,,,0.038695,0.129841,1768234756.526450
1768234760.261610,10.435925,9.969807,-2.005377,0.000000,-0.000000,0.000000,1.263505,1768234760.261610,929,0,0.000000,1768234760.260118,,,8.776348,11.606701,1768234756.527451,,,0.038695,0.129841,1768234756.526450
1768234760.290680,10.464996,9.969807,-2.005377,0.000000,-0.000000,0.000000,1.263505,1768234760.290680,931,0,0.000000,1768234760.290680,,,8.776348,11.606701,1768234756.527451,,,0.038695,0.129841,1768234756.526450
1768234760.322945,10.497261,9.969807,-2.005377,0.000000,-0.000000,0.000000,1.263505,1768234760.322945,972,0,0.000000,1768234760.322945,,,8.776348,11.606701,1768234756.527451,,,0.038695,0.129841,1768234756.526450
1768234760.631127,10.805442,9.969807,-2.005377,0.000000,-0.000000,0.000000,1.263505,1768234760.631127,927,0,0.009253,1768234760.630120,,,8.776348,11.606701,1768234756.527451,,,0.038695,0.129841,1768234756.526450
1768234760.661413,10.835729,9.969807,-2.005377,0.000000,-0.000000,0.000000,1.263505,1768234760.661413,926,0,0.020255,1768234760.659412,,,8.776348,11.606701,1768234756.527451,,,0.038695,0.129841,1768234756.526450
1768234760.693155,10.867471,9.969807,-2.005377,0.000000,-0.000000,0.000000,1.263505,1768234760.693155,911,0,0.186731,1768234760.691151,,,8.776348,11.606701,1768234756.527451,,,0.038695,0.129841,1768234756.526450
1768234760.725071,10.899387,9.969807,-2.005377,0.000000,-0.000000,0.000000,1.263505,1768234760.725071,913,0,0.164376,1768234760.724059,,,8.776348,11.606701,1768234756.527451,,,0.038695,0.129841,1768234756.526450
1768234760.756131,10.930447,9.969807,-2.005377,0.000000,-0.000000,0.000000,1.263505,1768234760.756131,914,0,0.153217,1768234760.753125,,,8.776348,11.606701,1768234756.527451,,,0.038695,0.129841,1768234756.526450
1768234760.786165,10.960481,9.969807,-2.005377,0.000000,-0.000000,0.000000,1.263505,1768234760.786165,921,0,0.075445,1768234760.785166,,,8.776348,11.606701,1768234756.527451,,,0.038695,0.129841,1768234756.526450
1768234760.820373,10.994689,9.969807,-2.005377,0.000000,-0.000000,0.000000,1.263505,1768234760.820373,937,0,0.000000,1768234760.818373,,,8.776348,11.606701,1768234756.527451,,,0.038695,0.129841,1768234756.526450
1768234760.850437,11.024753,9.969807,-2.005377,0.000000,-0.000000,0.000000,1.263505,1768234760.850437,938,0,0.000000,1768234760.847431,,,8.776348,11.606701,1768234756.527451,,,0.038695,0.129841,1768234756.526450
1768234760.963645,11.137960,9.969807,-2.005377,0.000000,-0.000000,0.000000,1.263505,1768234760.963645,919,0,0.097606,1768234760.962643,,,8.776348,11.606701,1768234756.527451,,,0.038695,0.129841,1768234756.526450
1768234760.989471,11.163786,9.969807,-2.005377,0.000000,-0.000000,0.000000,1.263505,1768234760.989471,920,0,0.086519,1768234760.987377,,,8.776348,11.606701,1768234756.527451,,,0.038695,0.129841,1768234756.526450
1768234761.091192,11.265508,9.969807,-2.005377,0.000000,-0.000000,0.000000,1.263505,1768234761.091192,925,0,0.031269,1768234761.088682,,,8.776348,11.606701,1768234756.527451,,,0.038695,0.129841,1768234756.526450
1768234761.115207,11.289523,9.969807,-2.005377,0.000000,-0.000000,0.000000,1.263505,1768234761.115207,924,0,0.042295,1768234761.112698,,,8.776348,11.606701,1768234756.527451,,,0.038695,0.129841,1768234756.526450
1768234761.157461,11.331777,9.969807,-2.005377,0.000000,-0.000000,0.000000,1.263505,1768234761.157461,913,0,0.164376,1768234761.154149,,,8.776348,11.606701,1768234756.527451,,,0.038695,0.129841,1768234756.526450
1768234761.193987,11.368303,9.969807,-2.005377,0.000000,-0.000000,0.000000,1.263505,1768234761.193987,910,0,0.197926,1768234761.190982,,,8.776348,11.606701,1768234756.527451,,,0.038695,0.129841,1768234756.526450
1768234761.299930,11.474246,9.969807,-2.005377,0.000000,-0.000000,0.000000,1.263505,1768234761.299930,908,0,0.220355,1768234761.297235,,,8.776348,11.606701,1768234756.527451,,,0.038695,0.129841,1768234756.526450
1768234761.333021,11.507336,9.969807,-2.005377,0.000000,-0.000000,0.000000,1.263505,1768234761.333021,906,0,0.242832,1768234761.330511,,,8.776348,11.606701,1768234756.527451,,,0.038695,0.129841,1768234756.526450
1768234761.363962,11.538277,9.969807,-2.005377,0.000000,-0.000000,0.000000,1.263505,1768234761.363962,907,0,0.231587,1768234761.363962,,,8.776348,11.606701,1768234756.527451,,,0.038695,0.129841,1768234756.526450
1768234761.396468,11.570784,9.969807,-2.005377,0.000000,-0.000000,0.000000,1.263505,1768234761.396468,910,0,0.197926,1768234761.396468,,,8.776348,11.606701,1768234756.527451,,,0.038695,0.129841,1768234756.526450
1768234761.491970,11.666286,9.969807,-2.005377,0.000000,-0.000000,0.000000,1.263505,1768234761.491970,902,0,0.287937,1768234761.489460,,,8.776348,11.606701,1768234756.527451,,,0.038695,0.129841,1768234756.526450
1768234761.518576,11.692892,9.969807,-2.005377,0.000000,-0.000000,0.000000,1.263505,1768234761.518576,901,0,0.299244,1768234761.518576,,,8.776348,11.606701,1768234756.527451,,,0.038695,0.129841,1768234756.526450
1768234761.618580,11.792895,9.969807,-2.005377,0.000000,-0.000000,0.000000,1.263505,1768234761.618580,891,0,0.413014,1768234761.617576,,,8.776348,11.606701,1768234756.527451,,,0.038695,0.129841,1768234756.526450
1768234761.640957,11.815273,9.969807,-2.005377,0.000000,-0.000000,0.000000,1.263505,1768234761.640957,900,0,0.310564,1768234761.640957,,,8.776348,11.606701,1768234756.527451,,,0.038695,0.129841,1768234756.526450
1768234761.700141,11.874456,9.969807,-2.005377,0.000000,-0.000000,0.000000,1.263505,1768234761.700141,900,0,0.310564,1768234761.699136,,,8.776348,11.606701,1768234756.527451,,,0.038695,0.129841,1768234756.526450
1768234761.734226,11.908542,9.969807,-2.005377,0.000000,-0.000000,0.000000,1.263505,1768234761.734226,900,0,0.310564,1768234761.732228,,,8.776348,11.606701,1768234756.527451,,,0.038695,0.129841,1768234756.526450
1768234761.827702,12.002018,9.969807,-2.005377,0.000000,-0.000000,0.000000,1.263505,1768234761.827702,898,0,0.333242,1768234761.825684,,,8.776348,11.606701,1768234756.527451,,,0.038695,0.129841,1768234756.526450
1768234761.859246,12.033561,9.969807,-2.005377,0.000000,-0.000000,0.000000,1.263505,1768234761.859246,898,0,0.333242,1768234761.859246,,,8.776348,11.606701,1768234756.527451,,,0.038695,0.129841,1768234756.526450
1768234761.892837,12.067152,9.969807,-2.005377,0.000000,-0.000000,0.000000,1.263505,1768234761.892837,899,0,0.321897,1768234761.891831,,,8.776348,11.606701,1768234756.527451,,,0.038695,0.129841,1768234756.526450
1768234761.920401,12.094717,9.969807,-2.005377,0.000000,-0.000000,0.000000,1.263505,1768234761.920401,875,0,0.597728,1768234761.920401,,,8.776348,11.606701,1768234756.527451,,,0.038695,0.129841,1768234756.526450
1768234761.954972,12.129288,9.969807,-2.005377,0.000000,-0.000000,0.000000,1.263505,1768234761.954972,899,0,0.321897,1768234761.952971,,,8.776348,11.606701,1768234756.527451,,,0.038695,0.129841,1768234756.526450
1768234761.984183,12.158499,9.969807,-2.005377,0.000000,-0.000000,0.000000,1.263505,1768234761.984183,902,0,0.287937,1768234761.982178,,,8.776348,11.606701,1768234756.527451,,,0.038695,0.129841,1768234756.526450
1768234762.451076,12.625391,10.005736,-2.004460,0.023086,0.000589,0.023094,1.295821,1768234762.451076,921,0,0.075445,1768234762.448567,,,8.776348,11.606701,1768234756.527451,,,0.038695,0.129841,1768234756.526450
1768234762.499388,12.673703,10.005736,-2.004460,0.016161,0.000412,0.016166,1.295821,1768234762.499388,927,0,0.009253,1768234762.497878,,,8.776348,11.606701,1768234756.527451,,,0.038695,0.129841,1768234756.526450
1768234762.528273,12.702589,10.005736,-2.004460,0.011312,0.000289,0.011316,1.295821,1768234762.528273,929,0,0.000000,1768234762.525763,,,8.776348,11.606701,1768234756.527451,,,0.038695,0.129841,1768234756.526450
1768234762.566064,12.740379,10.005736,-2.004460,0.007919,0.000202,0.007921,1.295821,1768234762.566064,930,0,0.000000,1768234762.564064,,,8.776348,11.606701,1768234756.527451,,,0.038695,0.129841,1768234756.526450
1768234762.590616,12.764931,10.005736,-2.004460,0.005543,0.000141,0.005545,1.295821,1768234762.590616,934,0,0.000000,1768234762.587610,,,8.776348,11.606701,1768234756.527451,,,0.038695,0.129841,1768234756.526450
1768234762.628414,12.802730,10.005736,-2.004460,0.003880,0.000099,0.003881,1.295821,1768234762.628414,965,0,0.000000,1768234762.623764,,,8.776348,11.606701,1768234756.527451,,,0.038695,0.129841,1768234756.526450
1768234762.652208,12.826523,10.005736,-2.004460,0.002716,0.000069,0.002717,1.295821,1768234762.652208,922,0,0.064383,1768234762.649203,,,8.776348,11.606701,1768234756.527451,,,0.038695,0.129841,1768234756.526450
1768234762.692968,12.867284,10.005736,-2.004460,0.001901,0.000048,0.001902,1.295821,1768234762.692968,933,0,0.000000,1768234762.690968,,,8.776348,11.606701,1768234756.527451,,,0.038695,0.129841,1768234756.526450
1768234762.716231,12.890547,10.005736,-2.004460,0.001331,0.000034,0.001331,1.295821,1768234762.716231,926,0,0.020255,1768234762.715231,,,8.776348,11.606701,1768234756.527451,,,0.038695,0.129841,1768234756.526450
1768234762.822925,12.997240,10.005736,-2.004460,0.000932,0.000024,0.000932,1.295821,1768234762.822925,925,0,0.031269,1768234762.820916,,,8.776348,11.606701,1768234756.527451,,,0.038695,0.129841,1768234756.526450
1768234762.853967,13.028283,10.005736,-2.004460,0.000652,0.000017,0.000652,1.295821,1768234762.853967,929,0,0.000000,1768234762.853967,,,8.776348,11.606701,1768234756.527451,,,0.038695,0.129841,1768234756.526450
1768234762.900297,13.074613,10.005736,-2.004460,0.000456,0.000012,0.000457,1.295821,1768234762.900297,942,0,0.000000,1768234762.899293,,,8.776348,11.606701,1768234756.527451,,,0.038695,0.129841,1768234756.526450
1768234762.933217,13.107533,10.005736,-2.004460,0.000320,0.000008,0.000320,1.295821,1768234762.933217,938,0,0.000000,1768234762.932227,,,8.776348,11.606701,1768234756.527451,,,0.038695,0.129841,1768234756.526450
1768234762.965756,13.140072,10.005736,-2.004460,0.000224,0.000006,0.000224,1.295821,1768234762.965756,935,0,0.000000,1768234762.964756,,,8.776348,11.606701,1768234756.527451,,,0.038695,0.129841,1768234756.526450
1768234762.995060,13.169375,10.005736,-2.004460,0.000157,0.000004,0.000157,1.295821,1768234762.995060,939,0,0.000000,1768234762.994060,,,8.776348,11.606701,1768234756.527451,,,0.038695,0.129841,1768234756.526450
1768234763.027484,13.201800,10.005736,-2.004460,0.000110,0.000003,0.000110,1.295821,1768234763.027484,946,0,0.000000,1768234763.025981,,,8.776348,11.606701,1768234756.527451,,,0.038695,0.129841,1768234756.526450
1768234763.057367,13.231682,10.005736,-2.004460,0.000077,0.000002,0.000077,1.295821,1768234763.057367,933,0,0.000000,1768234763.054864,,,8.776348,11.606701,1768234756.527451,,,0.038695,0.129841,1768234756.526450
1768234763.092165,13.266481,10.005736,-2.004460,0.000054,0.000001,0.000054,1.295821,1768234763.092165,938,0,0.000000,1768234763.091164,,,8.776348,11.606701,1768234756.527451,,,0.038695,0.129841,1768234756.526450
1768234763.119333,13.293649,10.005736,-2.004460,0.000038,0.000001,0.000038,1.295821,1768234763.119333,942,0,0.000000,1768234763.117296,,,8.776348,11.606701,1768234756.527451,,,0.038695,0.129841,1768234756.526450
1768234763.155155,13.329471,10.005736,-2.004460,0.000026,0.000001,0.000026,1.295821,1768234763.155155,937,0,0.000000,1768234763.153082,,,8.776348,11.606701,1768234756.527451,,,0.038695,0.129841,1768234756.526450
1768234763.178521,13.352837,10.005736,-2.004460,0.000018,0.000000,0.000018,1.295821,1768234763.178521,942,0,0.000000,1768234763.177516,,,8.776348,11.606701,1768234756.527451,,,0.038695,0.129841,1768234756.526450
1768234763.236072,13.410387,10.005736,-2.004460,0.000013,0.000000,0.000013,1.295821,1768234763.236072,939,0,0.000000,1768234763.234567,,,8.776348,11.606701,1768234756.527451,,,0.038695,0.129841,1768234756.526450
1768234763.272155,13.446470,10.005736,-2.004460,0.000009,0.000000,0.000009,1.295821,1768234763.272155,939,0,0.000000,1768234763.272155,,,8.776348,11.606701,1768234756.527451,,,0.038695,0.129841,1768234756.526450
1768234763.303907,13.478222,10.005736,-2.004460,0.000006,0.000000,0.000006,1.295821,1768234763.303907,940,0,0.000000,1768234763.300289,,,8.776348,11.606701,1768234756.527451,,,0.038695,0.129841,1768234756.526450
1768234763.334716,13.509032,10.005736,-2.004460,0.000004,0.000000,0.000004,1.295821,1768234763.334716,937,0,0.000000,1768234763.332696,,,8.776348,11.606701,1768234756.527451,,,0.038695,0.129841,1768234756.526450
