timestamp,leftDistance,rightDistance,collisionFrames,collisionEvents,currentFPS
0.094,0.1149,0.1136,0,0,35.06
0.18,0.1149,0.1136,0,0,162.07
0.281,0.1149,0.1136,0,0,169.14
0.382,0.1149,0.1136,0,0,168.44
0.485,0.1149,0.1136,0,0,154.8
0.584,0.1149,0.1136,0,0,172.54
0.684,0.1149,0.1136,0,0,180.25
0.781,0.1149,0.1136,0,0,174.16
0.882,0.1149,0.1136,0,0,179.14
0.987,0.1149,0.1136,0,0,170.56
1.086,0.1149,0.1136,0,0,161.76
1.184,0.1149,0.1136,0,0,142.63
1.28,0.1149,0.1136,0,0,166.82
1.384,0.1149,0.1136,0,0,183.63
1.482,0.1149,0.1136,0,0,183.86
1.581,0.1149,0.1136,0,0,180.36
1.68,0.1149,0.1136,0,0,162.21
1.781,0.1149,0.1136,0,0,159.25
1.883,0.1149,0.1136,0,0,175.6
1.98,0.1149,0.1136,0,0,164.33
2.082,0.1149,0.1136,0,0,166.71
2.181,0.1149,0.1136,0,0,162.86
2.281,0.1149,0.1136,0,0,169.96
2.384,0.1149,0.1136,0,0,174.71
2.485,0.1149,0.1136,0,0,177.86
2.586,0.1149,0.1136,0,0,178.86
2.681,0.1149,0.1136,0,0,156.87
2.781,0.1149,0.1136,0,0,179.55
2.883,0.1149,0.1136,0,0,166.78
2.984,0.1149,0.1136,0,0,168.45
3.082,0.1149,0.1136,0,0,174.71
3.181,0.1149,0.1136,0,0,170.93
3.282,0.1149,0.1136,0,0,177.51
3.383,0.1149,0.1136,0,0,179.31
3.483,0.1149,0.1136,0,0,179.52
3.583,0.1149,0.1136,0,0,180.46
3.683,0.1149,0.1136,0,0,179.69
3.781,0.1149,0.1136,0,0,173.57
3.885,0.1149,0.1136,0,0,162.72
3.984,0.1149,0.1136,0,0,162.78
4.08,0.1149,0.1136,0,0,145.35
4.185,0.1149,0.1136,0,0,133.12
4.281,0.1149,0.1136,0,0,156.03
4.382,0.1149,0.1136,0,0,159.48
4.481,0.1149,0.1136,0,0,171.03
4.584,0.1149,0.1136,0,0,175.28
4.682,0.1149,0.1136,0,0,163.29
4.78,0.1149,0.1136,0,0,162.2
4.885,0.1149,0.1136,0,0,171.84
4.982,0.1149,0.1136,0,0,154.43
5.169,0.1149,0.1136,0,0,37.48
5.224,0.1149,0.1136,0,0,18.31
5.285,0.1149,0.1136,0,0,129.27
5.384,0.1149,0.1136,0,0,121.61
5.491,0.1149,0.1136,0,0,131.24
5.585,0.1149,0.1136,0,0,117.17
5.686,0.1149,0.1136,0,0,128.06
5.782,0.1149,0.1136,0,0,156.82
5.886,0.1149,0.1136,0,0,162.75
5.98,0.1149,0.1136,0,0,138.58
6.084,0.1149,0.1136,0,0,135.4
6.184,0.1149,0.1136,0,0,119.7
6.284,0.1149,0.1136,0,0,129.89
6.385,0.1149,0.1136,0,0,138.17
6.485,0.1149,0.1136,0,0,129.73
6.58,0.1149,0.1136,0,0,105.65
6.681,0.1149,0.1136,0,0,129.35
6.786,0.1149,0.1136,0,0,152.38
6.885,0.1149,0.1136,0,0,150.85
6.986,0.1149,0.1136,0,0,148.98
7.085,0.1149,0.1136,0,0,150.62
7.182,0.1149,0.1136,0,0,144.61
7.285,0.1149,0.1136,0,0,146.19
7.382,0.1149,0.1136,0,0,143.41
7.481,0.1149,0.1136,0,0,142.44
7.585,0.1149,0.1136,0,0,153.08
7.68,0.1149,0.1136,0,0,147.35
7.784,0.1149,0.1136,0,0,154.42
7.885,0.1149,0.1136,0,0,158.02
7.986,0.1149,0.1136,0,0,148.61
8.081,0.1149,0.1136,0,0,158.55
8.181,0.1149,0.1136,0,0,158.6
8.281,0.1149,0.1136,0,0,161.23
8.384,0.1149,0.1136,0,0,164.95
8.485,0.1149,0.1136,0,0,157.55
8.583,0.1149,0.1136,0,0,153.47
8.685,0.1149,0.1136,0,0,166.58
8.782,0.1149,0.1136,0,0,165.27
8.885,0.1149,0.1136,0,0,154.53
8.984,0.1149,0.1136,0,0,152.42
9.087,0.1149,0.1136,0,0,155.63
9.183,0.1149,0.1136,0,0,155.58
9.283,0.1149,0.1128,0,0,159.51
9.384,0.1149,0.1127,0,0,159.54
9.481,0.1149,0.1115,0,0,154.4
9.586,0.1149,0.1098,0,0,152.56
9.685,0.1149,0.1083,0,0,161.74
9.784,0.1149,0.1078,0,0,160.61
9.885,0.1149,0.1079,0,0,159.05
9.98,0.1149,0.1071,0,0,157.24
10.084,0.1149,0.1042,0,0,135.29
10.187,0.1149,0.1023,0,0,125.66
10.282,0.1149,0.1038,0,0,137.57
10.384,0.1149,0.1072,0,0,166.58
10.481,0.1149,0.1087,0,0,173.96
10.583,0.1149,0.112,0,0,167.95
10.682,0.1149,0.114,0,0,161.28
10.785,0.1149,0.1143,0,0,174.46
10.882,0.1149,0.1145,0,0,175.48
10.983,0.1149,0.1145,0,0,177.48
11.085,0.1149,0.1145,0,0,177.03
11.183,0.1149,0.1145,0,0,174.37
11.284,0.1149,0.1145,0,0,167.55
11.381,0.1149,0.1145,0,0,164.41
11.481,0.1149,0.1145,0,0,179.82
11.582,0.1149,0.1145,0,0,168.22
11.68,0.1149,0.1164,0,0,163.58
11.781,0.1149,0.1214,0,0,178.05
11.884,0.1149,0.1248,0,0,176.15
11.985,0.1149,0.1296,0,0,177.84
12.083,0.1149,0.134,0,0,173.76
12.181,0.1149,0.1398,0,0,173.01
12.285,0.1149,0.1442,0,0,173.4
12.384,0.1149,0.1475,0,0,171.9
12.486,0.1149,0.1535,0,0,166.32
12.581,0.1149,0.1584,0,0,156.96
12.68,0.1149,0.1624,0,0,171.55
12.781,0.1149,0.1642,0,0,178.17
12.886,0.1149,0.1646,0,0,172.76
12.983,0.1149,0.1648,0,0,174.05
13.085,0.1149,0.1649,0,0,177.81
13.185,0.1149,0.1649,0,0,179.49
13.284,0.1149,0.1649,0,0,171.54
13.381,0.1149,0.1649,0,0,174.26
13.482,0.1149,0.1649,0,0,169.44
13.583,0.1149,0.1649,0,0,167.5
13.683,0.1149,0.1665,0,0,161.21
13.783,0.1149,0.1673,0,0,158.99
13.882,0.1149,0.1713,0,0,171.21
13.985,0.1149,0.1741,0,0,176.45
14.082,0.1149,0.1774,0,0,174.52
14.185,0.1149,0.1788,0,0,174.66
14.285,0.1149,0.1805,0,0,169.56
14.383,0.1149,0.1808,0,0,173.9
14.484,0.1149,0.1804,0,0,167.93
14.586,0.1149,0.179,0,0,167.12
14.683,0.1149,0.1787,0,0,175.77
14.786,0.1149,0.1784,0,0,174.48
14.885,0.1149,0.1784,0,0,170.61
14.982,0.1149,0.1784,0,0,166.43
15.083,0.1149,0.1784,0,0,168.44
15.185,0.1149,0.1784,0,0,176.07
15.285,0.1149,0.1771,0,0,169.09
15.381,0.1149,0.1764,0,0,167.45
15.483,0.1149,0.1739,0,0,166.99
15.584,0.1149,0.1708,0,0,168.15
15.682,0.1149,0.169,0,0,172.51
15.785,0.1149,0.1658,0,0,175.26
15.883,0.1149,0.1628,0,0,173.86
15.98,0.1149,0.1607,0,0,174.22
16.085,0.1149,0.1565,0,0,162.17
16.182,0.1149,0.1534,4,1,165.65
16.283,0.1149,0.1511,21,1,168.58
16.381,0.1149,0.1491,38,1,173.56
16.482,0.1149,0.1483,55,1,167.04
16.585,0.1149,0.1482,72,1,165.67
16.683,0.1149,0.148,89,1,173.25
16.786,0.1149,0.148,107,1,175.68
16.882,0.1149,0.148,124,1,175.89
16.984,0.1149,0.148,142,1,177.27
17.082,0.1149,0.1465,159,1,173.82
17.183,0.1149,0.1447,177,1,176.77
17.286,0.1149,0.1447,194,1,166.29
17.382,0.1149,0.1454,209,1,156.36
17.484,0.1149,0.144,226,1,165.88
17.584,0.1149,0.1418,243,1,169.82
17.68,0.1149,0.1411,259,1,166.42
17.783,0.1149,0.1398,277,1,174.53
17.883,0.1149,0.1378,294,1,171.07
17.984,0.1149,0.1355,312,1,178.2
18.082,0.1149,0.1338,329,1,173.29
18.18,0.1149,0.1316,346,1,172.54
18.284,0.1149,0.1305,364,1,173.33
18.382,0.1149,0.1301,381,1,173.12
18.482,0.1149,0.1299,397,1,161.27
18.586,0.1149,0.1294,413,1,152.95
18.681,0.1149,0.1286,429,1,169.73
18.783,0.1149,0.128,447,1,175.01
18.884,0.1149,0.1279,464,1,169.76
18.982,0.1149,0.1277,481,1,172.77
19.085,0.1149,0.1273,498,1,164.5
19.183,0.1149,0.1272,514,1,163.61
19.282,0.1149,0.1271,531,1,171.19
19.381,0.1149,0.1269,548,1,172.98
19.485,0.1149,0.1269,566,1,172.24
19.585,0.1149,0.1268,583,1,170.7
19.683,0.1149,0.1268,598,1,152.87
19.782,0.1149,0.1267,614,1,161.45
19.882,0.1149,0.1266,631,1,170.01
19.985,0.1149,0.1266,649,1,175.09
20.083,0.1149,0.1266,663,1,142.27
20.18,0.1149,0.1266,678,1,154.91
20.285,0.1149,0.1266,695,1,162.23
20.384,0.1149,0.1266,710,1,150.74
20.483,0.1149,0.1266,724,1,142.45
20.586,0.1149,0.1264,739,1,144.71
20.682,0.1149,0.1271,752,1,136.01
20.782,0.1149,0.1277,767,1,149.58
20.88,0.1149,0.1296,783,1,162.78
20.982,0.1149,0.1309,800,1,167.33
21.084,0.1149,0.1307,817,1,166.61
21.181,0.1149,0.1302,833,1,164.94
21.28,0.1149,0.1299,849,1,161.16
21.383,0.1149,0.1298,867,1,175.46
21.482,0.1149,0.1299,884,1,172.09
21.584,0.1149,0.1298,902,1,175.43
21.686,0.1149,0.1292,917,1,147.85
21.78,0.1149,0.126,934,1,179.72
21.884,0.1149,0.1206,952,1,173.77
21.983,0.1149,0.116,969,1,171.48
22.082,0.1149,0.1155,985,1,162.35
22.183,0.1149,0.1149,1002,1,167.67
22.285,0.1149,0.1145,1020,1,176.97
22.38,0.1149,0.1143,1037,1,178.19
22.484,0.1149,0.1145,1055,1,173.71
22.583,0.1149,0.1145,1072,1,171.73
22.682,0.1149,0.1145,1089,1,170.47
22.785,0.1149,0.1145,1107,1,175.14
22.883,0.1149,0.1145,1124,1,174.51
22.985,0.1149,0.1145,1142,1,175.68
23.082,0.1149,0.1145,1159,1,175.13
23.18,0.1149,0.1134,1176,1,173.47
23.283,0.1149,0.1112,1193,1,166.06
23.384,0.1149,0.107,1210,1,167.91
23.486,0.1149,0.1035,1227,1,166.89
23.582,0.1149,0.1004,1243,1,165.3
23.681,0.1149,0.0991,1260,1,172.25
23.783,0.1149,0.0985,1278,1,176.68
23.884,0.1149,0.0982,1296,1,177.46
23.984,0.1149,0.0981,1313,1,171.54
24.081,0.1149,0.098,1330,1,175.07
24.183,0.1149,0.098,1348,1,175.5
24.284,0.1149,0.0978,1366,1,179.3
24.383,0.1149,0.0979,1382,1,161.32
24.481,0.1149,0.0987,1397,1,153.2
24.582,0.1149,0.099,1414,1,167.62
24.685,0.1149,0.0993,1432,1,174.71
24.782,0.1149,0.0991,1449,1,175.38
24.883,0.1149,0.0984,1467,1,178.82
24.985,0.1149,0.097,1485,1,175.31
25.082,0.1149,0.0953,1502,1,175.35
25.184,0.1149,0.0953,1520,1,176.9
25.284,0.1149,0.0954,1537,1,169.92
25.382,0.1149,0.0961,1553,1,163.96
25.484,0.1149,0.0981,1571,1,175.49
25.581,0.1149,0.1002,1587,1,164.92
25.682,0.1149,0.1022,1603,1,159.75
25.78,0.1149,0.1046,1620,1,172.55
25.884,0.1149,0.1064,1638,1,173.03
25.981,0.1149,0.1067,1655,1,174.88
26.08,0.1149,0.1068,1672,1,171.55
26.182,0.1149,0.1063,1690,1,177.75
26.284,0.1149,0.1054,1707,1,166.72
26.385,0.1149,0.1039,1724,1,168.37
26.483,0.1149,0.1024,1741,1,173.38
26.581,0.1149,0.1014,1758,1,172.1
26.685,0.1149,0.1012,1776,1,173.73
26.781,0.1149,0.101,1792,1,167.35
26.883,0.1149,0.1008,1809,1,166.01
26.981,0.1149,0.1006,1826,1,174.3
27.082,0.1149,0.1002,1844,1,178.26
27.181,0.1149,0.1,1861,1,170.62
27.283,0.1149,0.0997,1878,1,166.4
27.38,0.1149,0.0996,1895,1,175.54
27.482,0.1149,0.0996,1913,1,176.84
27.581,0.1149,0.0996,1930,1,171.89
27.681,0.1149,0.0996,1948,1,180.37
27.783,0.1149,0.0996,1966,1,176.28
27.885,0.1149,0.0995,1984,1,176.61
27.985,0.1149,0.0993,2001,1,169.26
28.083,0.1149,0.0995,2017,1,163.6
28.188,0.1149,0.0997,2034,1,161.14
28.283,0.1149,0.0997,2050,1,168.96
28.383,0.1149,0.0994,2067,1,170.71
28.481,0.1149,0.099,2084,1,172.79
28.585,0.1149,0.0988,2102,1,173.83
28.682,0.1149,0.0988,2119,1,174.91
28.781,0.1149,0.0988,2136,1,170.65
28.884,0.1149,0.0988,2154,1,175.26
28.98,0.1149,0.0986,2171,1,177.05
29.08,0.1149,0.0983,2188,1,170.13
29.181,0.1149,0.098,2205,1,168.59
29.283,0.1149,0.0979,2222,1,166.36
29.385,0.1149,0.0976,2239,1,167.66
29.481,0.1149,0.0974,2256,1,175.65
29.586,0.1149,0.0971,2274,1,172.53
29.684,0.1149,0.097,2291,1,172.6
29.783,0.1149,0.0968,2308,1,171.85
29.881,0.1149,0.0967,2325,1,173.05
29.987,0.1149,0.0966,2343,1,170.05
30.083,0.1149,0.0964,2359,1,167.77
30.184,0.1149,0.0963,2377,1,177.47
30.282,0.1149,0.0963,2393,1,162.7
30.382,0.1149,0.0964,2409,1,160.97
30.484,0.1149,0.0966,2425,1,156.09
30.58,0.1149,0.0966,2441,1,166.35
30.685,0.1149,0.0965,2459,1,172.26
30.782,0.1149,0.0964,2476,1,174.88
30.883,0.1149,0.0963,2494,1,178.25
30.982,0.1149,0.0961,2511,1,171.99
31.084,0.1149,0.0959,2528,1,167.11
31.18,0.1149,0.0958,2545,1,175.71
31.283,0.1149,0.0958,2563,1,174.7
31.381,0.1149,0.0958,2580,1,174.57
31.483,0.1149,0.0958,2598,1,175.99
31.581,0.1149,0.0958,2615,1,173.74
31.681,0.1149,0.0956,2631,1,159.52
31.78,0.1149,0.0955,2648,1,171.54
31.883,0.1149,0.0946,2666,1,175.01
31.982,0.1149,0.0939,2683,1,172.81
32.083,0.1149,0.0936,2700,1,167.36
32.185,0.1149,0.0934,2718,1,176.27
32.282,0.1149,0.0932,2735,1,176.22
32.383,0.1149,0.0928,2753,1,176.83
32.48,0.1149,0.0927,2770,1,175.26
32.583,0.1149,0.0924,2788,1,175.17
32.685,0.1149,0.0923,2804,1,157.92
32.782,0.1149,0.092,2820,1,164.07
32.88,0.1149,0.0919,2835,1,152.83
32.982,0.1149,0.0918,2851,1,157.62
33.085,0.1149,0.0916,2868,1,163.91
33.181,0.1149,0.0915,2884,1,168.2
33.283,0.1149,0.0915,2902,1,176.46
33.382,0.1149,0.0915,2919,1,171.81
33.481,0.1149,0.0914,2936,1,171.49
33.585,0.1149,0.0913,2954,1,172.91
33.681,0.1149,0.0914,2969,1,155.25
33.783,0.1149,0.0913,2985,1,156.95
33.881,0.1149,0.0912,3000,1,153.08
33.985,0.1149,0.091,3016,1,153.64
34.086,0.1149,0.0908,3032,1,159.71
34.185,0.1149,0.0908,3049,1,171.15
34.283,0.1149,0.0908,3066,1,172.62
34.385,0.1149,0.0908,3084,1,178.09
34.482,0.1149,0.0908,3101,1,175.07
34.584,0.1149,0.0904,3119,1,175.6
34.685,0.1149,0.0903,3136,1,168.36
34.781,0.1149,0.0902,3153,1,176.73
34.881,0.1149,0.0901,3170,1,170.17
34.982,0.1149,0.0899,3187,1,169.29
35.085,0.1149,0.0894,3205,1,173.88
35.183,0.1149,0.0894,3221,1,163.49
35.286,0.1149,0.0894,3238,1,164.51
35.383,0.1149,0.0894,3254,1,166.16
35.482,0.1149,0.0894,3271,1,171.82
35.582,0.1149,0.0894,3289,1,179.32
35.684,0.1149,0.0894,3307,1,175.57
35.783,0.1149,0.0893,3324,1,171.91
35.884,0.1149,0.0893,3341,1,168.88
35.98,0.1149,0.0891,3357,1,166.21
36.083,0.1149,0.0887,3375,1,175.44
36.183,0.1149,0.0885,3392,1,169.21
36.281,0.1149,0.0882,3408,1,163.13
36.383,0.1149,0.088,3424,1,158.28
36.481,0.1149,0.0877,3440,1,162.5
36.584,0.1149,0.0874,3458,1,173.98
36.681,0.1149,0.0871,3474,1,166.31
36.784,0.1149,0.0868,3491,1,165.17
36.883,0.1149,0.0867,3507,1,160.76
36.985,0.1149,0.0867,3524,1,166.52
37.083,0.1149,0.0867,3541,1,174.66
37.185,0.1149,0.0867,3559,1,174.94
37.283,0.1149,0.0867,3576,1,174.29
37.381,0.1149,0.0867,3593,1,173.17
37.484,0.1149,0.0867,3611,1,175.63
37.584,0.1149,0.0867,3628,1,168.51
37.68,0.1149,0.0867,3644,1,167.39
37.785,0.1149,0.0867,3661,1,162.58
37.884,0.1149,0.0867,3678,1,171.3
37.985,0.1149,0.0867,3696,1,177.82
38.082,0.1149,0.0867,3713,1,175.43
38.185,0.1149,0.0867,3730,1,165.62
38.282,0.1149,0.0867,3747,1,173.97
38.382,0.1149,0.0859,3764,1,170.12
38.481,0.1149,0.0858,3781,1,171.71
38.585,0.1149,0.0861,3799,1,173.95
38.682,0.1149,0.0862,3816,1,175.4
38.782,0.1149,0.086,3832,1,158.96
38.882,0.1149,0.0858,3848,1,160.32
38.98,0.1149,0.0856,3865,1,173.67
39.081,0.1149,0.0855,3883,1,177.56
39.184,0.1149,0.0852,3901,1,176.27
39.281,0.1149,0.0848,3918,1,175.03
39.383,0.1149,0.0845,3936,1,176.3
39.482,0.1149,0.084,3953,1,170.85
39.583,0.1149,0.0836,3971,1,178.77
39.686,0.1149,0.0832,3989,1,174.09
39.782,0.1149,0.0825,4005,1,167.64
39.88,0.1149,0.0815,4021,1,162.58
39.983,0.1149,0.0813,4038,1,164.99
40.086,0.1149,0.0806,4054,1,156.09
40.185,0.1149,0.0795,4070,1,161.97
40.283,0.1149,0.0777,4086,1,162.9
40.381,0.1149,0.0774,4103,1,172.79
40.485,0.1149,0.077,4121,1,173.95
40.583,0.1149,0.0753,4138,1,173.14
40.682,0.1149,0.0741,4155,1,172.11
40.785,0.1149,0.0735,4172,1,165.11
40.886,0.1149,0.0732,4188,1,158.13
40.988,0.1149,0.073,4204,1,155.98
41.084,0.1149,0.0726,4220,1,167.25
41.183,0.1149,0.0724,4236,1,161.76
41.284,0.1149,0.0726,4253,1,168.53
41.383,0.1149,0.0733,4270,1,171.31
41.482,0.1149,0.0734,4287,1,171.09
41.581,0.1149,0.0735,4304,1,172.15
41.684,0.1149,0.0736,4322,1,175.17
41.782,0.1149,0.0738,4339,1,173.22
41.881,0.1149,0.0742,4355,1,161.78
41.984,0.1149,0.075,4373,1,174.24
42.082,0.1149,0.0757,4390,1,174.64
42.185,0.1149,0.0769,4408,1,174.8
42.281,0.1149,0.0778,4424,1,166.28
42.386,0.1149,0.079,4441,1,161.86
42.485,0.1149,0.0792,4458,1,172.16
42.583,0.1149,0.0792,4475,1,172.63
42.684,0.1149,0.0791,4492,1,168.5
42.783,0.1149,0.0791,4509,1,171.24
42.886,0.1149,0.0791,4527,1,175.76
42.981,0.1149,0.0791,4544,1,177.53
43.084,0.1149,0.0791,4562,1,175.03
43.18,0.1149,0.0791,4579,1,176.57
43.285,0.1149,0.079,4597,1,172.12
43.384,0.1149,0.0773,4614,1,172.4
43.481,0.1149,0.0769,4630,1,164.48
43.584,0.1149,0.0769,4647,1,164.8
43.682,0.1149,0.077,4663,1,162.72
43.782,0.1149,0.077,4680,1,170.15
43.882,0.1149,0.0768,4697,1,170.31
43.983,0.1149,0.0765,4715,1,178.02
44.082,0.1149,0.076,4732,1,172.17
44.184,0.1149,0.0755,4750,1,175.98
44.284,0.1149,0.0753,4767,1,171.2
44.385,0.1149,0.0745,4785,1,177.14
44.483,0.1149,0.0743,4802,1,173.28
44.583,0.1149,0.0739,4819,1,169.68
44.68,0.1149,0.0735,4834,1,154.61
44.785,0.1149,0.073,4851,1,163.13
44.883,0.1149,0.0726,4868,1,173.14
44.984,0.1149,0.0724,4886,1,177.51
45.081,0.1149,0.0721,4903,1,174.97
45.183,0.1149,0.0717,4921,1,176.66
45.28,0.1149,0.0716,4938,1,175.8
45.38,0.1149,0.0716,4956,1,180.03
45.48,0.1149,0.0716,4973,1,170.02
45.584,0.1149,0.0716,4991,1,172.7
45.681,0.1149,0.0716,5008,1,174.83
45.783,0.1149,0.0716,5026,1,177.12
45.881,0.1149,0.0706,5042,1,162.7
45.982,0.1149,0.0704,5058,1,158.71
46.081,0.1149,0.0698,5075,1,172.94
46.182,0.1149,0.0692,5093,1,176.88
46.281,0.1149,0.0686,5110,1,172.72
46.381,0.1149,0.0684,5127,1,169.08
46.487,0.1149,0.0683,5144,1,161.54
46.584,0.1149,0.0682,5161,1,174.1
46.683,0.1149,0.0676,5178,1,171.69
46.785,0.1149,0.0671,5196,1,176.27
46.882,0.1149,0.0668,5213,1,175.89
46.981,0.1149,0.0665,5230,1,171.62
47.084,0.1149,0.0661,5247,1,164.42
47.181,0.1149,0.0656,5263,1,165.1
47.285,0.1149,0.0652,5281,1,173.09
47.381,0.1149,0.0649,5297,1,167.65
47.481,0.1149,0.0649,5314,1,168.74
47.584,0.1149,0.0647,5332,1,174.83
47.682,0.1149,0.0645,5349,1,173.78
47.78,0.1149,0.0643,5366,1,173.31
47.883,0.1149,0.0642,5384,1,174.55
47.983,0.1149,0.0643,5401,1,170.28
48.082,0.1149,0.0644,5418,1,171.84
48.185,0.1149,0.0645,5436,1,174.63
48.287,0.1149,0.0644,5452,1,157.27
48.382,0.1149,0.0641,5467,1,158.47
48.48,0.1149,0.064,5484,1,172.39
48.583,0.1149,0.064,5502,1,176.01
48.68,0.1149,0.064,5519,1,173.63
48.783,0.1149,0.064,5537,1,175.67
48.881,0.1149,0.064,5554,1,174.05
48.984,0.1149,0.064,5572,1,173.31
49.081,0.1149,0.064,5589,1,176.29
49.184,0.1149,0.0631,5607,1,174.99
49.285,0.1149,0.0636,5623,1,158.55
49.381,0.1149,0.0637,5638,1,156.23
49.484,0.1149,0.0634,5654,1,155.19
49.585,0.1149,0.0633,5671,1,168.55
49.683,0.1149,0.063,5688,1,172.21
49.786,0.1149,0.0624,5706,1,176.25
49.882,0.1149,0.0622,5723,1,175.77
49.982,0.1149,0.062,5740,1,170.97
50.084,0.1149,0.0617,5758,1,175.95
50.181,0.1149,0.0613,5775,1,174.5
50.284,0.1149,0.0611,5792,1,165.83
50.385,0.1149,0.0609,5810,1,178.44
50.481,0.1149,0.0607,5827,1,175.88
50.582,0.1149,0.0605,5844,1,168.86
50.68,0.1149,0.06,5860,1,163.14
50.781,0.1149,0.0599,5877,1,168.03
50.884,0.1149,0.0597,5895,1,175.86
50.984,0.1149,0.0596,5912,1,169.82
51.082,0.1149,0.0595,5929,1,172.45
51.185,0.1149,0.0595,5947,1,175.58
51.284,0.1149,0.0595,5964,1,172.45
51.384,0.1149,0.0595,5982,1,178.75
51.48,0.1149,0.0595,5999,1,176.65
51.583,0.1149,0.0595,6017,1,175.46
51.683,0.1149,0.0595,6035,1,179.53
51.782,0.1149,0.0595,6052,1,173.03
51.883,0.1149,0.0595,6069,1,166.89
51.983,0.1149,0.0595,6086,1,170.31
52.086,0.1149,0.0595,6104,1,175.6
52.183,0.1149,0.0595,6120,1,164.12
52.284,0.1149,0.0594,6137,1,169.21
52.383,0.1149,0.0594,6154,1,171.53
52.48,0.1149,0.0592,6171,1,174.55
52.58,0.1149,0.059,6188,1,169.75
52.683,0.1149,0.0586,6206,1,175.31
52.785,0.1149,0.058,6224,1,176.71
52.881,0.1149,0.0579,6241,1,176.94
52.983,0.1149,0.0577,6258,1,166.22
53.08,0.1149,0.0576,6273,1,154.89
53.18,0.1149,0.0573,6289,1,159.45
53.283,0.1149,0.057,6307,1,175.96
53.381,0.1149,0.0565,6324,1,172.69
53.484,0.1149,0.056,6342,1,174.25
53.584,0.1149,0.0556,6359,1,171.6
53.682,0.1149,0.0551,6376,1,173.02
53.78,0.1149,0.0549,6393,1,172.41
53.883,0.1149,0.0543,6411,1,175.88
53.983,0.1149,0.0541,6429,1,180.2
54.081,0.1149,0.0537,6445,1,162.91
54.185,0.1149,0.0534,6462,1,162.85
54.282,0.1149,0.0531,6478,1,165.96
54.382,0.1149,0.0527,6495,1,170.09
54.483,0.1149,0.0523,6513,1,176.89
54.581,0.1149,0.052,6530,1,174.81
54.682,0.1149,0.0517,6548,1,176.96
54.78,0.1149,0.0514,6565,1,173.93
54.881,0.1149,0.0513,6583,1,178.06
54.983,0.1149,0.0509,6601,1,176.16
55.081,0.1149,0.0507,6617,1,163.63
55.182,0.1149,0.0507,6634,1,167.8
55.284,0.1149,0.0507,6652,1,177.45
55.38,0.1149,0.0507,6668,1,165.51
55.481,0.1149,0.0507,6684,1,159.49
55.583,0.1149,0.0507,6701,1,166.93
55.682,0.1149,0.0505,6717,1,161.06
55.785,0.1149,0.0491,6734,1,164.33
55.884,0.1149,0.0487,6750,1,162.07
55.982,0.1149,0.0478,6766,1,162.73
56.085,0.1149,0.0472,6783,1,165.74
56.181,0.1149,0.0469,6799,1,166.99
56.284,0.1149,0.0463,6817,1,175.38
56.381,0.1149,0.046,6834,1,174.95
56.483,0.1149,0.0455,6852,1,175.78
56.584,0.1149,0.045,6868,1,158.52
56.681,0.1149,0.0444,6884,1,164.7
56.785,0.1149,0.0439,6902,1,173.8
56.882,0.1149,0.0433,6919,1,175.51
56.983,0.1149,0.0428,6936,1,168.07
57.081,0.1149,0.0427,6952,1,163.1
57.183,0.1149,0.0424,6970,1,175.7
57.287,0.1149,0.0421,6988,1,173.95
57.38,0.1149,0.0423,7004,1,170.8
57.483,0.1149,0.0423,7022,1,174.82
57.583,0.1149,0.0422,7039,1,169.85
57.684,0.1149,0.0421,7055,1,159.19
57.785,0.1149,0.042,7070,1,148
57.885,0.1149,0.0421,7085,1,151
57.985,0.1149,0.0421,7102,1,169.54
58.085,0.1149,0.0421,7119,1,170.15
58.181,0.1149,0.0422,7136,1,176.98
58.282,0.1149,0.0422,7154,1,177.22
58.382,0.1149,0.0422,7172,1,180.01
58.484,0.1149,0.0422,7190,1,176.94
58.583,0.1149,0.0422,7207,1,172.95
58.685,0.1149,0.0422,7225,1,175.36
58.781,0.1149,0.0422,7242,1,177.96
58.884,0.1149,0.0422,7260,1,174.51
58.984,0.1149,0.0422,7276,1,160.14
59.081,0.1149,0.0422,7291,1,154.91
59.183,0.1149,0.0422,7309,1,175.48
59.281,0.1149,0.0422,7326,1,173.77
59.384,0.1149,0.0422,7344,1,174.6
59.482,0.1149,0.0422,7361,1,173.62
59.584,0.1149,0.0422,7379,1,176.79
59.681,0.1149,0.0422,7396,1,174.43
59.784,0.1149,0.0422,7414,1,174.6
59.884,0.1149,0.0421,7431,1,171.32
59.983,0.1149,0.0421,7448,1,170.75
60.086,0.1149,0.042,7464,1,156.03
60.185,0.1149,0.0419,7479,1,151.03
60.285,0.1149,0.0417,7495,1,159.26
60.384,0.1149,0.0414,7512,1,172.37
60.482,0.1149,0.0411,7529,1,174.18
60.584,0.1149,0.041,7547,1,176.05
60.68,0.1149,0.0409,7564,1,176.27
60.784,0.1149,0.0406,7582,1,173.66
60.882,0.1149,0.0404,7599,1,172.98
60.98,0.1149,0.0404,7616,1,173.45
61.082,0.1149,0.0411,7633,1,168.01
61.183,0.1149,0.042,7650,1,167.25
61.285,0.1149,0.0427,7667,1,166.65
61.382,0.1149,0.0432,7683,1,165.95
61.48,0.1149,0.0435,7700,1,172.07
61.583,0.1149,0.0434,7718,1,175.96
61.681,0.1149,0.0424,7735,1,173.35
61.781,0.1149,0.0414,7752,1,169.99
61.884,0.1149,0.0401,7770,1,174.21
61.984,0.1149,0.0399,7787,1,169.95
62.08,0.1149,0.0397,7803,1,166.5
62.184,0.1149,0.0395,7821,1,173.2
62.283,0.1149,0.0393,7838,1,171.59
62.382,0.1149,0.0394,7855,1,171.31
62.482,0.1149,0.0394,7872,1,170.51
62.584,0.1149,0.0394,7889,1,167.41
62.682,0.1149,0.0394,7906,1,172.23
62.783,0.1149,0.0394,7924,1,178.25
62.888,0.1149,0.0394,7942,1,172.78
62.982,0.1149,0.0394,7958,1,168.93
63.08,0.1149,0.0393,7975,1,173.47
63.184,0.1149,0.0391,7993,1,173.37
63.284,0.1149,0.0392,8010,1,170.75
63.38,0.1149,0.0392,8027,1,175.94
63.483,0.1149,0.039,8045,1,176.05
63.58,0.1149,0.0386,8062,1,174.32
63.683,0.1149,0.0384,8079,1,164.94
63.784,0.1149,0.0381,8095,1,158.4
63.886,0.1149,0.0379,8112,1,166.4
63.981,0.1149,0.0373,8128,1,169.5
64.085,0.1149,0.0367,8146,1,172.52
64.184,0.1149,0.0361,8163,1,172.53
64.283,0.1149,0.0358,8180,1,171.62
64.381,0.1149,0.0354,8197,1,172.6
64.484,0.1149,0.0351,8215,1,174.91
64.581,0.1149,0.0347,8232,1,175.67
64.684,0.1149,0.0344,8250,1,175.06
64.785,0.1149,0.034,8267,1,167.44
64.881,0.1149,0.0338,8282,1,156.73
64.984,0.1149,0.0337,8299,1,165.18
65.081,0.1149,0.0337,8316,1,174.99
65.184,0.1149,0.0337,8334,1,175.12
65.282,0.1149,0.0337,8351,1,173.64
65.385,0.1149,0.0337,8369,1,174.2
65.481,0.1149,0.0337,8386,1,177.8
65.583,0.1149,0.0337,8404,1,176.16
65.686,0.1149,0.0336,8421,1,164.97
65.783,0.1149,0.0331,8436,1,154.84
65.883,0.1149,0.033,8451,1,149.96
65.981,0.1149,0.0327,8468,1,173.79
66.083,0.1149,0.0317,8485,1,165.5
66.184,0.1149,0.0313,8502,1,168.31
66.283,0.1149,0.031,8519,1,172.11
66.385,0.1149,0.0306,8537,1,175.95
66.486,0.1149,0.0303,8554,1,169.04
66.581,0.1149,0.03,8570,1,167.37
66.684,0.1149,0.0296,8587,1,165.74
66.784,0.1149,0.0293,8604,1,169.28
66.881,0.1149,0.029,8621,1,176.49
66.983,0.1149,0.0286,8638,1,166.73
67.083,0.1149,0.0284,8655,1,170
67.185,0.1149,0.0281,8672,1,165.88
67.283,0.1149,0.0278,8688,1,163.88
67.382,0.1149,0.0275,8705,1,170.64
67.485,0.1149,0.0273,8722,1,166.42
67.583,0.1149,0.0271,8738,1,163.08
67.683,0.1149,0.0271,8755,1,169.87
67.783,0.1149,0.0271,8772,1,169.45
67.885,0.1149,0.0271,8790,1,177.12
67.981,0.1149,0.0271,8807,1,176.35
68.082,0.1149,0.0271,8825,1,178.98
68.185,0.1149,0.0271,8843,1,175.08
68.282,0.1149,0.0271,8860,1,174.49
68.38,0.1149,0.0271,8877,1,172.79
68.484,0.1149,0.0271,8895,1,173.9
68.582,0.1149,0.0269,8910,1,153.63
68.682,0.1149,0.0267,8926,1,159.52
68.784,0.1149,0.0264,8944,1,175.56
68.882,0.1149,0.0263,8961,1,174.76
68.985,0.1149,0.026,8979,1,173.72
69.082,0.1149,0.0258,8996,1,175.69
69.181,0.1149,0.0256,9013,1,172.29
69.284,0.1149,0.0252,9031,1,173.86
69.385,0.1149,0.0249,9048,1,168.18
69.483,0.1149,0.0246,9065,1,173.32
69.58,0.1149,0.0242,9081,1,165.03
69.685,0.1149,0.0239,9099,1,171.26
69.782,0.1149,0.0236,9115,1,165.37
69.882,0.1149,0.0232,9131,1,160.17
69.98,0.1149,0.0228,9148,1,173.11
70.084,0.1149,0.0225,9165,1,163.45
70.182,0.1149,0.0222,9181,1,162.99
70.281,0.1149,0.0218,9197,1,162.17
70.38,0.1149,0.0216,9214,1,171.79
70.485,0.1149,0.0212,9232,1,171.89
70.581,0.1149,0.021,9248,1,166.23
70.683,0.1149,0.021,9266,1,176.66
70.785,0.1149,0.021,9284,1,175.73
70.882,0.1149,0.021,9301,1,176.68
70.982,0.1149,0.021,9317,1,159.45
71.084,0.1149,0.021,9334,1,165.98
71.185,0.1149,0.021,9352,1,178.53
71.285,0.1149,0.021,9369,1,170.27
71.384,0.1149,0.021,9386,1,171.71
71.481,0.1149,0.0209,9402,1,165.69
71.584,0.1149,0.021,9419,1,164.55
71.682,0.1149,0.0207,9436,1,174.11
71.784,0.1149,0.0201,9454,1,175.76
71.88,0.1149,0.0196,9471,1,176.09
71.984,0.1149,0.0193,9489,1,173.52
72.082,0.1149,0.0192,9506,1,174.08
72.186,0.1149,0.0187,9523,1,163.18
72.284,0.1149,0.0185,9539,1,163.66
72.385,0.1149,0.0182,9556,1,168.34
72.482,0.1149,0.0179,9572,1,165.12
72.584,0.1149,0.0177,9589,1,166.7
72.681,0.1149,0.0177,9606,1,174.03
72.784,0.1149,0.0177,9624,1,175.77
72.881,0.1149,0.0177,9641,1,174.6
72.983,0.1149,0.0177,9659,1,176.57
73.084,0.1149,0.0177,9677,1,178.99
73.18,0.1149,0.0177,9694,1,176.33
73.284,0.1149,0.0177,9712,1,173.98
73.385,0.1149,0.0174,9728,1,158.12
73.481,0.1149,0.0171,9743,1,156.01
73.582,0.1149,0.0171,9760,1,168.41
73.682,0.1149,0.0167,9776,1,160.4
73.783,0.1149,0.016,9792,1,157.88
73.884,0.1149,0.0157,9808,1,158.44
73.981,0.1149,0.0152,9825,1,174.59
74.084,0.1149,0.0147,9843,1,174.5
74.181,0.1149,0.0143,9860,1,175.67
74.285,0.1149,0.0138,9878,1,173.98
74.385,0.1149,0.0134,9895,1,169.25
74.484,0.1149,0.0128,9911,1,162.44
74.582,0.1149,0.0124,9927,1,162.62
74.685,0.1149,0.0119,9944,1,165.03
74.782,0.1149,0.0115,9961,1,175.59
74.885,0.1149,0.0111,9979,1,174.68
74.982,0.1149,0.0108,9996,1,175.82
75.084,0.1149,0.0102,10014,1,174.99
75.182,0.1149,0.0097,10031,1,174.73
75.285,0.1149,0.0093,10049,1,174.11
75.382,0.1149,0.009,10065,1,165.37
75.484,0.1149,0.0087,10082,1,165.66
75.583,0.1149,0.0085,10099,1,172.33
75.685,0.1149,0.0083,10116,1,166.24
75.78,0.1149,0.0083,10131,1,157.99
75.884,0.1149,0.0083,10149,1,173.3
75.985,0.1149,0.0083,10167,1,178.67
76.082,0.1149,0.0083,10184,1,174.71
76.18,0.1149,0.0083,10201,1,173.64
76.282,0.1149,0.0076,10219,1,177.14
76.381,0.1149,0.0074,10235,1,161.51
76.48,0.1149,0.0071,10252,1,171.15
76.582,0.1149,0.0059,10270,1,175.89
76.684,0.1149,0.0057,10288,1,176.42
76.782,0.1149,0.0052,10305,1,174.2
76.885,0.1149,0.0045,10322,1,165.6
76.982,0.1149,0.0042,10338,1,163.73
77.082,0.1149,0.0036,10355,1,170.52
77.184,0.1149,0.0032,10373,1,176.58
77.284,0.1149,0.0028,10390,1,169.71
77.381,0.1149,0.0024,10406,1,165.16
77.485,0.1149,0.002,10424,1,172.92
77.583,0.1149,0.0015,10441,1,174.33
77.681,0.1149,0.0012,10458,1,172.94
77.783,0.1149,0.0008,10476,1,176.28
77.884,0.1149,0.0006,10494,1,177.95
77.98,0.1149,0.0004,10511,1,176.75
78.084,0.1149,0.0002,10528,1,164.72
78.181,0.1149,0.0003,10544,1,165
78.281,0.1149,0.0003,10561,1,169.63
78.381,0.1149,0.0003,10577,1,160.12
78.484,0.1149,0.0003,10595,1,175.25
78.586,0.1149,0.0003,10613,1,176.19
78.681,0.1149,0.0003,10630,1,177.52
78.783,0.1149,0.0003,10648,1,176.49
78.884,0.1149,0.0003,10666,1,178.98
78.983,0.1149,0.0003,10683,1,172.55
79.084,0.1149,0,10701,1,176.61
79.182,0.1149,0,10718,1,173.77
79.284,0.1149,0,10734,1,157.88
79.381,0.1149,0,10748,1,143.98
79.48,0.1149,0,10763,1,150.94
79.581,0.1149,0,10780,1,167.95
79.683,0.1149,0,10797,1,167.81
79.785,0.1149,0,10815,1,176.44
79.882,0.1149,0,10832,1,174.62
79.983,0.1149,0,10849,1,168.76
80.082,0.1149,0,10866,1,170.7
80.182,0.1149,0,10883,1,170.53
80.28,0.1149,0,10900,1,173.28
80.385,0.1149,0,10917,1,161.94
80.484,0.1149,0,10932,1,152.21
80.583,0.1149,0,10948,1,160.71
80.681,0.1149,0,10965,1,173.87
80.783,0.1149,0,10983,1,175.93
80.88,0.1149,0,11000,1,175.4
80.983,0.1149,0,11018,1,175.56
81.083,0.1149,0,11036,1,179.72
81.18,0.1149,0,11053,1,174.77
81.284,0.1149,0,11071,1,172.88
81.381,0.1149,0,11087,1,165.25
81.483,0.1149,0,11105,1,177.6
81.585,0.1149,0,11122,1,166.56
81.687,0.1149,0,11137,1,146.61
81.781,0.1149,0,11151,1,149.38
81.881,0.1149,0,11167,1,158.73
81.982,0.1149,0,11184,1,168.97
82.085,0.1149,0,11202,1,174.28
82.184,0.1149,0,11219,1,172.64
82.281,0.1149,0,11235,1,164.77
82.383,0.1149,0,11253,1,175.61
82.482,0.1149,0,11270,1,172.56
82.581,0.1149,0,11287,1,170.96
82.683,0.1149,0,11305,1,176.84
82.784,0.1149,0,11322,1,168.36
82.886,0.1149,0,11338,1,157.51
82.983,0.1149,0,11354,1,165.22
83.085,0.1149,0,11372,1,175.17
83.181,0.1149,0,11388,1,166.86
83.283,0.1149,0,11405,1,167.55
83.383,0.1149,0,11422,1,169.84
83.485,0.1149,0,11440,1,176.47
83.584,0.1149,0,11457,1,171.33
83.683,0.1149,0,11474,1,172.65
83.781,0.1149,0,11491,1,172.29
83.884,0.1149,0,11509,1,175.75
83.982,0.1149,0,11526,1,172.83
84.082,0.1149,0,11542,1,159.37
84.183,0.1149,0,11559,1,168.22
84.28,0.1149,0,11575,1,165.03
84.385,0.1149,0,11593,1,171.54
84.482,0.1149,0,11610,1,175.67
84.582,0.1149,0,11627,1,169.44
84.684,0.1149,0,11645,1,176.89
84.783,0.1149,0,11662,1,172.81
84.885,0.1149,0,11680,1,174.81
84.984,0.1149,0,11697,1,172.64
85.085,0.1149,0,11714,1,168.16
85.182,0.1149,0,11730,1,165.62
85.282,0.1149,0,11747,1,170.03
85.384,0.1149,0,11764,1,165.52
85.484,0.1149,0,11780,1,161.19
85.582,0.1149,0,11797,1,171.94
85.68,0.1149,0,11814,1,173.64
85.783,0.1149,0,11832,1,175.23
85.88,0.1149,0,11849,1,175.21
85.982,0.1149,0,11866,1,166.75
86.084,0.1149,0,11883,1,167.24
86.182,0.1149,0,11900,1,172.68
86.285,0.1149,0,11918,1,175.15
86.385,0.1149,0,11935,1,170.2
86.483,0.1149,0,11952,1,172.78
86.584,0.1149,0,11968,1,158.47
86.68,0.1149,0,11984,1,167.01
86.783,0.1149,0,12002,1,174.6
86.885,0.1149,0,12020,1,177.43
86.988,0.1149,0,12037,1,164.86
87.085,0.1149,0,12054,1,174.91
87.181,0.1149,0,12071,1,175.95
87.28,0.1149,0,12088,1,171.76
87.383,0.1149,0,12106,1,175.24
87.483,0.1149,0,12123,1,170.41
87.582,0.1149,0,12140,1,172.08
87.684,0.1149,0,12157,1,165.74
87.785,0.1149,0,12173,1,159.34
87.884,0.1149,0,12189,1,161.39
87.98,0.1149,0,12205,1,165.93
88.083,0.1149,0,12223,1,175.1
88.182,0.1149,0,12240,1,172.73
88.285,0.1149,0,12258,1,174.65
88.385,0.1149,0,12275,1,168.57
88.485,0.1149,0,12292,1,171.3
88.582,0.1149,0,12309,1,175.23
88.68,0.1149,0,12326,1,172.2
88.782,0.1149,0,12343,1,167.42
88.88,0.1149,0,12359,1,163.1
88.981,0.1149,0,12375,1,158.05
89.081,0.1149,0,12392,1,170.35
89.184,0.1149,0,12410,1,174.31
89.283,0.1149,0,12427,1,172.9
89.38,0.1149,0,12444,1,174.52
89.485,0.1149,0,12462,1,172.02
89.585,0.1149,0,12479,1,169.78
89.686,0.1149,0,12495,1,158.92
89.783,0.1149,0,12510,1,153.68
89.88,0.1149,0,12525,1,154.27
89.983,0.1149,0,12543,1,175.4
90.086,0.1149,0,12560,1,165.64
90.182,0.1149,0,12576,1,165.88
90.282,0.1149,0,12593,1,170.19
90.385,0.1149,0,12611,1,175.17
90.483,0.1149,0,12628,1,173.3
90.585,0.1149,0,12646,1,176
90.683,0.1149,0,12663,1,173.86
90.784,0.1149,0,12680,1,167.36
90.883,0.1149,0,12696,1,161.94
90.981,0.1149,0,12713,1,173.2
91.084,0.1149,0,12731,1,176.18
91.185,0.1149,0,12749,1,177.19
91.282,0.1149,0,12765,1,165.76
91.386,0.1149,0,12782,1,163.53
91.484,0.1149,0,12799,1,173.26
91.582,0.1149,0,12816,1,172.98
91.68,0.1149,0,12833,1,172.87
91.787,0.1149,0,12850,1,159.66
91.881,0.1149,0,12866,1,170.75
91.985,0.1149,0,12884,1,172.31
92.083,0.1149,0,12901,1,174.29
92.18,0.1149,0,12918,1,174.32
92.284,0.1149,0,12936,1,173.57
92.383,0.1149,0,12953,1,170.49
92.48,0.1149,0,12969,1,165.63
92.583,0.1149,0,12986,1,165.19
92.68,0.1149,0,13002,1,164.8
92.782,0.1149,0,13019,1,167.45
92.881,0.1149,0,13036,1,171.56
92.983,0.1149,0,13054,1,175.3
93.08,0.1149,0,13071,1,175.75
93.182,0.1149,0,13089,1,177.51
93.286,0.1149,0,13107,1,172.84
93.383,0.1149,0,13124,1,173.89
93.48,0.1149,0,13141,1,175.72
93.583,0.1149,0,13159,1,175.04
93.683,0.1149,0,13175,1,160.24
93.78,0.1149,0,13190,1,153.85
93.882,0.1149,0,13208,1,176.38
93.982,0.1149,0,13225,1,171.36
94.084,0.1149,0,13243,1,176.44
94.181,0.1149,0,13260,1,174.9
94.283,0.1149,0,13278,1,175.58
94.382,0.1149,0,13295,1,171.61
94.48,0.1149,0,13312,1,173.64
94.582,0.1149,0,13329,1,166.91
94.682,0.1149,0,13346,1,169.4
94.783,0.1149,0,13363,1,169.67
94.882,0.1149,0,13379,1,161.89
94.981,0.1149,0,13395,1,160.14
95.084,0.1149,0,13413,1,174.66
95.184,0.1149,0,13430,1,171.55
95.281,0.1149,0,13447,1,174.7
95.384,0.1149,0,13465,1,173.77
95.482,0.1149,0,13482,1,174.35
95.58,0.1149,0,13498,1,162.9
95.683,0.1149,0,13515,1,164.93
95.782,0.1149,0,13532,1,171.69
95.885,0.1149,0,13550,1,174.97
95.981,0.1149,0,13566,1,167.12
96.085,0.1149,0,13583,1,162.97
96.182,0.1149,0,13599,1,164.68
96.285,0.1149,0,13617,1,175.66
96.384,0.1149,0,13634,1,171.59
96.483,0.1149,0,13651,1,171.91
96.585,0.1149,0,13668,1,166.28
96.683,0.1149,0,13684,1,162.55
96.782,0.1149,0,13700,1,162.68
96.883,0.1149,0,13717,1,168.44
96.984,0.1149,0,13734,1,168.27
97.083,0.1149,0,13751,1,172.02
97.186,0.1149,0,13767,1,155.16
97.287,0.1149,0,13783,1,158.41
97.384,0.1149,0,13798,1,154.62
97.483,0.1149,0,13815,1,170.8
97.582,0.1149,0,13831,1,162.04
97.682,0.1149,0,13846,1,149.79
97.784,0.1149,0,13862,1,156.39
97.882,0.1149,0,13878,1,164.82
97.981,0.1149,0,13895,1,171.75
98.084,0.1149,0,13913,1,173.31
98.184,0.1149,0,13930,1,170.53
98.283,0.1149,0,13947,1,172.17
98.386,0.1149,0,13964,1,164.93
98.484,0.1149,0,13980,1,162.34
98.581,0.1149,0,13995,1,154.91
98.683,0.1149,0,14012,1,166.61
98.784,0.1149,0,14028,1,158.39
98.885,0.1149,0,14044,1,158.65
98.984,0.1149,0,14061,1,172.66
99.085,0.1149,0,14079,1,177.02
99.182,0.1149,0,14096,1,175.19
99.284,0.1149,0,14114,1,177.87
99.382,0.1149,0,14131,1,172.7
99.484,0.1149,0,14149,1,176.61
99.584,0.1149,0,14166,1,169.55
99.685,0.1149,0,14182,1,159.18
99.783,0.1149,0,14198,1,162.43
99.881,0.1149,0,14215,1,174.03
99.985,0.1149,0,14233,1,173.42
100.082,0.1149,0,14249,1,164.37
100.182,0.1149,0,14265,1,159.83
100.281,0.1149,0,14281,1,161.4
100.385,0.1149,0,14299,1,173.91
100.481,0.1149,0,14316,1,176.16
100.581,0.1149,0,14333,1,170.79
100.682,0.1149,0,14350,1,168.07
100.782,0.1149,0,14366,1,159.83
100.881,0.1149,0,14382,1,161.6
100.981,0.115,0,14399,1,170.8
101.081,0.115,0,14416,1,169.11
101.185,0.1151,0,14434,1,173.4
101.283,0.1154,0,14451,1,174.21
101.385,0.1178,0,14469,1,176.14
101.484,0.1206,0,14486,1,171.78
101.58,0.1257,0,14502,1,165.81
101.683,0.1297,0,14519,1,165.4
101.785,0.1339,0,14537,1,176.98
101.884,0.1375,0,14554,1,171.07
101.981,0.1376,0,14571,1,174.74
102.082,0.1377,0,14588,1,168.19
102.181,0.1378,0,14604,1,162.79
102.282,0.1378,0,14621,1,168.45
102.381,0.1378,0,14638,1,170.69
102.483,0.1378,0,14655,1,167.26
102.584,0.1378,0,14672,2,168.31
102.683,0.1378,0,14689,2,171.56
102.781,0.1378,0,14706,2,173.31
102.885,0.1378,0,14724,2,173.19
102.984,0.1378,0,14741,2,171.46
103.082,0.1378,0,14758,2,174.39
103.183,0.1378,0,14776,2,177.1
103.283,0.1378,0,14793,2,171.18
103.385,0.1378,0,14810,2,166.01
103.488,0.1378,0,14826,2,155.23
103.582,0.1378,0,14842,2,170.69
103.68,0.1378,0,14859,2,172.25
103.783,0.1378,0,14877,2,175.95
103.881,0.1378,0,14893,2,162.11
103.985,0.1378,0,14911,2,174.34
104.083,0.1378,0,14928,2,173.68
104.181,0.1378,0,14945,2,172.96
104.285,0.1378,0,14963,2,172.3
104.381,0.1377,0,14979,2,166.96
104.481,0.1382,0,14995,2,160.73
104.582,0.1396,0,15011,2,157.86
104.684,0.1397,0,15028,2,166.3
104.782,0.1402,0,15045,2,174.3
104.885,0.1405,0,15063,2,173.72
104.984,0.1415,0,15080,2,172.14
105.083,0.1425,0,15097,2,172.15
105.181,0.1433,0,15114,2,172.94
105.288,0.1433,0,15132,2,168.52
105.386,0.1433,0,15148,2,162.77
105.484,0.1435,0,15165,2,174.33
105.583,0.144,0,15182,2,171.69
105.685,0.1443,0,15199,2,165.97
105.784,0.1444,0,15215,2,161.5
105.885,0.1443,0,15232,2,169.15
105.985,0.1442,0,15249,2,170.64
106.083,0.1442,0,15266,2,172.08
106.182,0.1441,0,15283,2,171.41
106.283,0.1438,0,15300,2,169.36
106.383,0.1432,0,15317,2,169.18
106.481,0.1431,0,15334,2,173.76
106.585,0.1426,0,15352,2,174.23
106.684,0.1417,0,15369,2,170.07
106.783,0.1398,0,15386,2,172.21
106.887,0.1393,0,15403,2,164.45
106.986,0.139,0,15419,2,161.35
107.085,0.1364,0,15436,2,171.47
107.184,0.1361,0,15453,2,171.22
107.288,0.1361,0,15470,2,162.98
107.382,0.1361,0,15486,2,171.62
107.48,0.1361,0,15503,2,172.26
107.584,0.1363,0,15521,2,173.4
107.683,0.1366,0,15538,2,171.55
107.783,0.1366,0,15555,2,170.5
107.885,0.1366,0,15573,2,176.3
107.985,0.1366,0,15590,2,170.43
108.083,0.1366,0,15606,2,163.32
108.181,0.1366,0,15621,2,152.51
108.284,0.1366,0,15638,2,164.67
108.385,0.1361,0,15655,2,168.32
108.484,0.1362,0,15672,2,172.66
108.584,0.1361,0,15689,2,170.23
108.682,0.136,0,15706,2,172.89
108.78,0.1358,0,15723,2,172.83
108.883,0.1353,0,15741,2,175.38
108.982,0.1347,0,15758,2,171.94
109.081,0.1333,0,15775,2,172.33
109.184,0.1325,0,15792,2,165.11
109.283,0.1324,0,15807,2,151.11
109.381,0.1323,0,15823,2,163.15
109.484,0.1322,0,15841,2,174.17
109.585,0.1318,0,15858,2,169.31
109.685,0.1317,0,15875,2,169.23
109.783,0.1314,0,15891,2,162.68
109.881,0.1312,0,15907,2,163.85
109.986,0.1312,0,15925,2,171.7
110.082,0.1312,0,15941,2,167.26
110.184,0.1312,0,15958,2,165.26
110.282,0.1312,0,15975,2,173.7
110.384,0.1312,0,15992,2,167.92
110.481,0.1306,0,16008,2,163.81
110.584,0.1306,0,16025,2,164.73
110.684,0.1314,0,16042,2,170.7
110.784,0.1314,0,16059,2,170.49
110.882,0.1316,0,16076,2,173.32
110.982,0.1318,0,16093,2,170.32
111.081,0.1319,0,16109,2,160.43
111.185,0.1316,0,16126,2,163.3
111.283,0.1314,0,16143,2,173.98
111.384,0.13,0,16160,2,168.78
111.482,0.1294,0,16177,2,172.65
111.583,0.1287,0,16194,2,169.28
111.683,0.1285,0,16211,2,170.27
111.782,0.1273,0,16227,2,160.2
111.883,0.127,0,16244,2,169.23
111.983,0.1266,0,16261,2,169.63
112.084,0.1247,0,16278,2,167.78
112.182,0.1244,0,16294,2,164.1
112.28,0.1245,0,16311,2,173.05
112.385,0.1245,0,16329,2,172.43
112.482,0.1245,0,16346,2,175.42
112.585,0.1245,0,16364,2,173.55
112.684,0.1246,0,16381,2,171.49
112.784,0.1247,0,16398,2,170.47
112.886,0.1249,0,16415,2,167.43
112.985,0.125,0,16431,2,160.48
113.088,0.1251,0,16447,2,156.42
113.182,0.1251,0,16463,2,169.93
113.285,0.1251,0,16481,2,174.46
113.382,0.1251,0,16498,2,175.37
113.484,0.1251,0,16516,2,175.83
113.584,0.1251,0,16533,2,169.65
113.684,0.1251,0,16550,2,171.04
113.781,0.1251,0,16567,2,174.77
113.885,0.1248,0,16585,2,173.37
113.982,0.1243,0,16601,2,165.34
114.083,0.1239,0,16617,2,157.62
114.185,0.1225,0,16633,2,157.76
114.282,0.1216,0,16650,2,174.37
114.384,0.1213,0,16667,2,166.14
114.481,0.1204,0,16684,2,176.36
114.585,0.1202,0,16702,2,172.4
114.682,0.1201,0,16719,2,174.9
114.781,0.1202,0,16736,2,173.02
114.885,0.1196,0,16754,2,172.84
114.981,0.119,0,16770,2,166.33
115.084,0.1186,0,16787,2,165.5
115.183,0.1181,0,16804,2,170.83
115.282,0.1181,0,16820,2,162.65
115.381,0.1178,0,16836,2,160.6
115.48,0.1169,0,16853,2,171.68
115.583,0.1165,0,16870,2,166.27
115.682,0.1164,0,16887,2,170.12
115.783,0.1163,0,16904,2,169.29
115.882,0.116,0,16921,2,171.27
115.985,0.1158,0,16938,2,165.64
116.082,0.1157,0,16954,2,164.6
116.18,0.1157,0,16971,2,173.13
116.283,0.1157,0,16989,2,175.8
116.386,0.1157,0,17007,2,174.52
116.485,0.1157,0,17023,2,161.08
116.583,0.1157,0,17039,2,162.77
116.681,0.1154,0,17056,2,173.81
116.784,0.1149,0,17074,2,175.24
116.882,0.1147,0,17091,2,172.37
116.982,0.1145,0,17107,2,160.76
117.084,0.1131,0,17125,2,176.18
117.183,0.1118,0,17142,2,171.28
117.283,0.1116,0,17159,2,171.41
117.383,0.1116,0,17176,2,169.25
117.482,0.1099,0,17193,2,171.88
117.582,0.1095,0,17210,2,169.9
117.683,0.1096,0,17226,2,158.89
117.78,0.1096,0,17242,2,164.07
117.884,0.1096,0,17259,2,164.22
117.981,0.1096,0,17275,2,164.47
118.081,0.1112,0,17291,2,159.37
118.182,0.1136,0,17307,2,159.69
118.281,0.1141,0,17324,2,170.67
118.38,0.1143,0,17341,2,171.38
118.484,0.1148,0,17359,2,173.26
118.582,0.115,0,17376,2,173.87
118.68,0.1149,0,17393,2,173.21
118.783,0.1149,0,17411,2,175.07
118.887,0.1149,0,17427,2,154.36
118.982,0.1149,0,17442,2,156.92
119.086,0.1149,0,17459,2,163.46
119.184,0.1149,0,17476,2,174.69
119.284,0.1149,0,17493,2,169.18
119.383,0.1149,0,17510,2,171.91
119.482,0.1139,0,17527,2,171.37
119.58,0.1141,0,17544,2,173.68
119.682,0.1141,0,17562,2,177.09
119.78,0.1141,0,17579,2,172.83
119.884,0.114,0,17597,2,173.59
119.986,0.1139,0,17613,2,155.91
120.083,0.1139,0,17628,2,155.76
120.18,0.1137,0,17644,2,163.83
120.28,0.1134,0,17661,2,170.51
120.383,0.1132,0,17679,2,174.61
120.483,0.1129,0,17696,2,169.72
120.581,0.1127,0,17713,2,173.52
120.685,0.1126,0,17731,2,173.82
120.783,0.1126,0,17748,2,173.11
120.884,0.1126,0,17765,2,168.49
120.984,0.1126,0,17781,2,160.16
121.083,0.1126,0,17798,2,171.14
121.184,0.1126,0,17815,2,168.85
121.283,0.1122,0,17831,2,161.53
121.383,0.1121,0,17848,2,169
121.482,0.1115,0,17865,2,172.19
121.581,0.1114,0,17882,2,171.96
121.68,0.1114,0,17899,2,171.26
121.78,0.1113,0,17916,2,169.95
121.883,0.1115,0,17933,2,165.3
121.982,0.1116,0,17950,2,172.37
122.08,0.1118,0,17967,2,172.5
122.184,0.1118,0,17985,2,173.25
122.284,0.1117,0,18002,2,171.3
122.384,0.1119,0,18019,2,168.61
122.485,0.1119,0,18035,2,159.17
122.586,0.1117,0,18052,2,168.82
122.683,0.1116,0,18069,2,174.74
122.785,0.1116,0,18085,2,157.37
122.886,0.1116,0,18103,2,178.2
122.984,0.1116,0,18120,2,172.12
123.082,0.1116,0,18137,2,174.05
123.181,0.1116,0,18154,2,171.82
123.285,0.1116,0,18172,2,173
123.384,0.1116,0,18189,2,171.72
123.481,0.1098,0,18206,2,175.73
123.584,0.1097,0,18223,2,164.96
123.686,0.1092,0,18239,2,157.26
123.782,0.109,0,18254,2,155.61
123.884,0.1089,0,18272,2,176.17
123.985,0.1093,0,18288,2,158.37
124.083,0.1098,0,18305,2,173.48
124.183,0.1101,0,18322,2,170.01
124.281,0.1103,0,18339,2,173.57
124.385,0.1104,0,18356,2,163.31
124.482,0.1103,0,18373,2,175.36
124.585,0.1101,0,18390,2,164.7
124.681,0.1101,0,18406,2,167
124.784,0.1101,0,18423,2,165.64
124.88,0.1101,0,18438,2,155.28
124.981,0.1101,0,18455,2,168.29
125.085,0.1101,0,18473,2,173.54
125.184,0.1101,0,18490,2,172.53
125.281,0.1101,0,18507,2,173.84
125.385,0.1101,0,18525,2,173.28
125.482,0.1101,0,18542,2,175.92
125.584,0.1098,0,18559,2,165.85
125.681,0.1097,0,18575,2,166.26
125.781,0.1096,0,18592,2,169.66
125.883,0.1094,0,18610,2,176
125.986,0.1093,0,18627,2,164.88
126.081,0.1088,0,18642,2,157.77
126.182,0.108,0,18659,2,168.89
126.285,0.1075,0,18677,2,174.87
126.381,0.1073,0,18693,2,167.28
126.485,0.107,0,18711,2,172.18
126.583,0.1067,0,18727,2,163
126.686,0.1062,0,18745,2,175.97
126.78,0.1056,0,18761,2,168.82
126.882,0.1051,0,18779,2,176.54
126.983,0.105,0,18796,2,167.98
127.084,0.105,0,18813,2,169.05
127.181,0.105,0,18828,2,154.14
127.286,0.105,0,18845,2,162.41
127.383,0.105,0,18861,2,164.25
127.48,0.105,0,18877,2,165.13
127.584,0.105,0,18893,2,154.37
127.68,0.105,0,18909,2,166.45
127.783,0.105,0,18927,2,174.22
127.881,0.105,0,18944,2,173.76
127.981,0.1046,0,18961,2,170.57
128.085,0.1047,0,18979,2,173.03
128.18,0.1049,0,18995,2,168.17
128.283,0.1048,0,19013,2,175.2
128.38,0.1042,0,19029,2,164.35
128.482,0.1033,0,19046,2,166.81
128.582,0.1033,0,19061,2,150.8
128.68,0.1031,0,19078,2,172.41
128.784,0.1026,0,19096,2,173.5
128.882,0.1022,0,19113,2,173.27
128.98,0.102,0,19130,2,173.17
129.084,0.1019,0,19148,2,172.94
129.182,0.1019,0,19165,2,174.88
129.283,0.1019,0,19183,2,176.5
129.384,0.1019,0,19200,2,169.81
129.485,0.1019,0,19217,2,167.46
129.585,0.1019,0,19234,2,171.06
129.685,0.1019,0,19250,2,158.56
129.785,0.1019,0,19266,2,161.24
129.884,0.1016,0,19283,2,171.07
129.983,0.1015,0,19300,2,171.77
130.08,0.1019,0,19316,2,164.19
130.182,0.102,0,19332,2,156.93
130.282,0.1018,0,19348,2,159.84
130.384,0.101,0,19365,2,166.71
130.481,0.1,0,19381,2,166.55
130.584,0.0989,0,19399,2,174.15
130.684,0.0987,0,19416,2,168.98
130.783,0.0985,0,19433,2,172.67
130.88,0.098,0,19449,2,164.67
130.985,0.0969,0,19466,2,161.38
131.081,0.096,0,19482,2,167.47
131.185,0.0946,0,19500,2,173.69
131.284,0.094,0,19517,2,171.83
131.38,0.0931,0,19533,2,165.7
131.484,0.0926,0,19550,2,164.21
131.581,0.0916,0,19567,2,174.05
131.68,0.0912,0,19584,2,171.89
131.783,0.0909,0,19602,2,174.65
131.885,0.0909,0,19620,2,176.6
131.983,0.0909,0,19637,2,173.88
132.08,0.0909,0,19653,2,164.34
132.185,0.0909,0,19670,2,161.86
132.284,0.0909,0,19687,2,171.67
132.381,0.0909,0,19703,2,166.08
132.483,0.0895,0,19720,2,165.64
132.581,0.0881,0,19737,2,173.27
132.685,0.088,0,19755,2,173.55
132.783,0.0879,0,19772,2,174.13
132.882,0.0873,0,19789,2,172.14
132.985,0.0865,0,19807,2,174.19
133.084,0.086,0,19824,2,171.78
133.184,0.0855,0,19841,2,170.39
133.28,0.0853,0,19856,3,155.2
133.383,0.0844,0,19872,3,156.46
133.483,0.0825,0,19889,3,170.01
133.585,0.0808,0,19907,3,175.51
133.685,0.0803,0,19924,3,170.52
133.783,0.0799,0,19941,3,173.53
133.882,0.0796,0,19958,3,172.06
133.985,0.079,0,19976,3,174.08
134.083,0.0786,0,19993,3,173.37
134.181,0.0783,0,20010,3,172.99
134.284,0.0783,0,20027,3,165.27
134.382,0.0783,0,20043,3,163.89
134.486,0.0783,0,20060,3,163.82
134.584,0.0783,0,20076,3,162.93
134.683,0.0783,0,20093,3,171.97
134.783,0.0771,0,20110,3,169.9
134.881,0.0765,0,20127,3,173.42
134.983,0.0761,0,20145,3,175.6
135.082,0.0757,0,20162,3,172.38
135.181,0.0752,0,20179,3,171.81
135.284,0.0742,0,20196,3,163.96
135.382,0.0727,0,20212,3,163.21
135.481,0.072,0,20229,3,172.27
135.581,0.0716,0,20246,3,170.98
135.682,0.0707,0,20262,3,157.93
135.782,0.0703,0,20278,3,159.24
135.88,0.0698,0,20295,3,173.46
135.985,0.0691,0,20313,3,171.99
136.083,0.0687,0,20330,3,174.34
136.182,0.0683,0,20347,3,171.77
136.285,0.0678,0,20364,3,165.09
136.382,0.0669,0,20380,3,164.23
136.48,0.0664,0,20397,3,172.52
136.585,0.0665,0,20415,3,172.63
136.682,0.0665,0,20432,3,174.59
136.783,0.0665,0,20449,3,167.94
136.883,0.0665,0,20465,3,161.28
136.981,0.0665,0,20481,3,162.96
137.084,0.0665,0,20499,3,173.5
137.183,0.0665,0,20516,3,171.99
137.286,0.0665,0,20533,3,165.72
137.382,0.0654,0,20548,3,155.5
137.481,0.0653,0,20564,3,162.57
137.585,0.0652,0,20581,3,163.51
137.684,0.0648,0,20598,3,171.54
137.784,0.0636,0,20615,3,170.09
137.882,0.0635,0,20632,3,173.37
137.982,0.0633,0,20649,3,169.56
138.081,0.0631,0,20665,3,162.53
138.185,0.0631,0,20682,3,162.87
138.285,0.0624,0,20699,3,170.51
138.381,0.0622,0,20715,3,165.62
138.483,0.0601,0,20732,3,167.17
138.582,0.0602,0,20749,3,171.03
138.685,0.0602,0,20767,3,174.95
138.784,0.0603,0,20784,3,171.58
138.882,0.06,0,20801,3,174.1
138.983,0.0596,0,20818,3,168.69
139.081,0.0591,0,20835,3,172.82
139.183,0.059,0,20852,3,166.91
139.285,0.0588,0,20868,3,157.29
139.381,0.0588,0,20883,3,155.18
139.484,0.0588,0,20901,3,176.01
139.583,0.0588,0,20918,3,171.47
139.684,0.0588,0,20936,3,177.89
139.783,0.0588,0,20953,3,171.14
139.882,0.0588,0,20970,3,171.54
139.985,0.0587,0,20987,3,166.47
140.082,0.0585,0,21003,3,164.68
140.182,0.0582,0,21020,3,169.42
140.283,0.0576,0,21037,3,168.1
140.381,0.0569,0,21052,3,153.83
140.485,0.0558,0,21069,3,162.22
140.584,0.054,0,21085,3,162.35
140.682,0.0532,0,21102,3,172.87
140.783,0.0533,0,21119,3,168.93
140.88,0.0536,0,21136,3,174.64
140.984,0.0539,0,21154,3,173.29
141.081,0.0541,0,21171,3,175.58
141.183,0.0558,0,21188,3,166.06
141.28,0.0574,0,21204,3,164.82
141.381,0.0577,0,21221,3,169.31
141.484,0.0577,0,21239,3,174.85
141.581,0.0578,0,21255,3,163.88
141.685,0.0574,0,21272,3,163.56
141.783,0.0573,0,21288,3,164.03
141.881,0.0572,0,21305,3,173.88
141.984,0.057,0,21323,3,174.12
142.08,0.0569,0,21340,3,176.8
142.181,0.0569,0,21356,3,158.78
142.284,0.0569,0,21374,3,173.94
142.385,0.0569,0,21390,3,158.66
142.482,0.0569,0,21407,3,175.05
142.582,0.057,0,21424,3,170.48
142.685,0.0563,0,21442,3,174.79
142.781,0.0562,0,21458,3,167.62
142.884,0.0564,0,21475,3,165.16
142.982,0.0567,0,21491,3,162.06
143.083,0.057,0,21508,3,168.77
143.181,0.0573,0,21524,3,163.4
143.285,0.0569,0,21542,3,173.03
143.385,0.0568,0,21559,3,169.81
143.48,0.0567,0,21575,3,168.17
143.58,0.0565,0,21592,3,169.71
143.681,0.0565,0,21609,3,169.67
143.784,0.0565,0,21627,3,174.4
143.884,0.0565,0,21644,3,169.99
143.982,0.0565,0,21661,3,172.85
144.081,0.0565,0,21676,3,151.04
144.185,0.0565,0,21692,3,155.1
144.283,0.0565,0,21709,3,172.86
144.385,0.0565,0,21727,3,176.21
144.485,0.0565,0,21744,3,170.7
144.584,0.0565,0,21760,3,161.62
144.683,0.0565,0,21777,3,170.88
144.783,0.0565,0,21794,3,171.07
144.882,0.0565,0,21811,3,171.47
144.983,0.0565,0,21828,3,167.87
145.082,0.0565,0,21844,3,162.24
145.185,0.0564,0,21862,3,173.53
145.285,0.0563,0,21878,3,160.65
145.38,0.0562,0,21893,3,157.36
145.485,0.0564,0,21911,3,171.81
145.583,0.0568,0,21928,3,173.01
145.681,0.0571,0,21945,3,173.4
145.78,0.0578,0,21962,3,171.79
145.885,0.0583,0,21980,3,172.01
145.982,0.0584,0,21996,3,164.41
146.085,0.0585,0,22013,3,164.94
146.185,0.0583,0,22030,3,170.15
146.284,0.0582,0,22046,3,162.64
146.381,0.0582,0,22063,3,173.98
146.485,0.0581,0,22079,3,154.68
146.584,0.058,0,22095,3,161.06
146.683,0.0579,0,22112,3,172.5
146.782,0.0578,0,22129,3,171.78
146.88,0.0578,0,22146,3,172.38
146.983,0.0579,0,22163,3,165.25
147.08,0.0578,0,22178,3,154.03
147.181,0.0578,0,22194,3,159.33
147.285,0.0576,0,22211,3,162.83
147.381,0.0576,0,22227,3,167.4
147.48,0.0577,0,22244,3,170.6
147.581,0.0577,0,22261,3,169.83
147.684,0.0577,0,22278,3,164.47
147.785,0.0577,0,22294,3,157.85
147.888,0.0577,0,22311,3,165
147.981,0.0577,0,22326,3,162.61
148.081,0.0576,0,22342,3,159.54
148.181,0.0575,0,22358,3,159.73
148.281,0.0579,0,22374,3,160.62
148.382,0.0588,0,22390,4,158.62
148.481,0.0602,0,22406,4,160.14
148.582,0.0603,0,22422,4,158.57
148.684,0.0604,0,22438,4,156.72
148.785,0.0598,0,22453,4,149.53
148.885,0.0595,0,22468,4,150.28
148.986,0.0595,0,22482,4,137.89
149.082,0.0593,0,22496,4,145.7
149.186,0.059,0,22511,4,144.94
149.282,0.0588,0,22526,4,155.84
149.384,0.0585,0,22542,4,157.22
149.486,0.0572,0,22558,4,156.07
149.581,0.0557,0,22573,4,158.15
149.68,0.0551,0,22589,4,160.92
149.782,0.0549,0,22605,4,157.23
149.883,0.0546,0,22621,4,159.45
149.986,0.0546,0,22637,4,154.98
150.08,0.0546,0,22651,4,147.94
150.183,0.0546,0,22666,4,145.65
150.286,0.0546,0,22682,4,155.83
150.382,0.0546,0,22697,4,156.91
150.484,0.053,0,22713,4,156.54
150.582,0.054,0,22728,4,153.61
150.683,0.0543,0,22744,4,158.19
150.785,0.053,0,22760,4,156.28
150.882,0.0529,0,22775,4,155.31
150.984,0.0528,0,22791,4,157.1
151.083,0.0526,0,22806,4,151.05
151.184,0.0524,0,22821,4,148.02
151.286,0.0524,0,22837,4,157.85
151.383,0.0523,0,22851,4,143.02
151.482,0.0522,0,22866,4,151.93
151.581,0.0521,0,22881,4,151.3
151.683,0.0519,0,22897,4,157.72
151.78,0.0517,0,22912,4,153.49
151.883,0.05,0,22928,4,156.24
151.985,0.0499,0,22944,4,156.6
152.081,0.0495,0,22959,4,156.9
152.185,0.0493,0,22975,4,153.08
152.283,0.0493,0,22990,4,153.31
152.385,0.0493,0,23006,4,157.41
152.485,0.0493,0,23022,4,159.34
152.585,0.0493,0,23037,4,149.61
152.685,0.0493,0,23052,4,150.73
152.784,0.0493,0,23067,4,151.01
152.886,0.0493,0,23083,4,157.65
152.982,0.05,0,23098,4,155.85
153.083,0.0516,0,23114,4,158.03
153.183,0.0517,0,23129,4,150.17
153.282,0.0517,0,23144,4,151.36
153.383,0.0516,0,23160,4,159.23
153.483,0.0515,0,23176,4,159.41
153.586,0.0513,0,23192,4,154.9
153.685,0.0513,0,23208,4,161.65
153.785,0.0509,0,23222,4,141.1
153.886,0.0508,0,23237,4,147.27
153.985,0.0511,0,23252,4,152.24
154.08,0.0513,0,23267,4,157.39
154.182,0.0517,0,23283,4,156.6
154.285,0.0522,0,23299,4,155.42
154.382,0.0528,0,23313,4,145.5
154.481,0.053,0,23329,4,160.08
154.583,0.0531,0,23345,4,158.02
154.683,0.0531,0,23361,4,160.26
154.785,0.0532,0,23377,4,156.37
154.882,0.0532,0,23392,4,154.55
154.982,0.0531,0,23407,4,150.55
155.086,0.053,0,23422,4,143.6
155.182,0.0529,0,23437,4,155.96
155.286,0.0523,0,23453,4,154.9
155.384,0.052,0,23468,4,152.81
155.482,0.0515,0,23483,4,152.25
155.583,0.0512,0,23499,4,159.26
155.681,0.0513,0,23514,4,152.7
155.781,0.0513,0,23530,4,159.55
155.881,0.0512,0,23546,4,160.98
155.983,0.0512,0,23562,4,156.07
156.083,0.0512,0,23578,4,160.82
156.183,0.0512,0,23593,4,149.33
156.285,0.0512,0,23608,4,147.51
156.386,0.0507,0,23623,4,148.43
156.483,0.0506,0,23637,4,144.55
156.585,0.0507,0,23653,4,155.95
156.68,0.0501,0,23668,4,158.07
156.785,0.0503,0,23685,4,161.45
156.881,0.0505,0,23700,4,157.62
156.981,0.0507,0,23716,4,159.3
157.082,0.05,0,23732,4,158.99
157.183,0.0498,0,23748,4,158.05
157.283,0.0497,0,23763,4,150.38
157.383,0.05,0,23777,4,139.86
157.487,0.0503,0,23791,4,134.14
157.58,0.0523,0,23804,4,139.63
157.685,0.0552,0,23819,4,143.73
157.786,0.0575,0,23833,4,137.55
157.885,0.058,0,23848,4,151.67
157.985,0.0577,0,23863,4,150.96
158.085,0.0575,0,23879,4,159.11
158.181,0.0573,0,23894,4,156.02
158.283,0.0565,0,23910,4,156.75
158.385,0.054,0,23926,4,156.85
158.482,0.0531,0,23941,4,155.43
158.58,0.0528,0,23956,4,152.37
158.683,0.0527,0,23970,4,136.22
158.78,0.0528,0,23983,4,133.74
158.882,0.0532,0,23996,4,127.34
158.981,0.0532,0,24010,4,142.63
159.085,0.0532,0,24026,4,153.58
159.182,0.0532,0,24041,4,153.72
159.283,0.0532,0,24057,4,158.56
159.381,0.0532,0,24072,4,152.75
159.482,0.0532,0,24088,4,158.51
159.583,0.0532,0,24104,4,158.3
159.685,0.0532,0,24120,4,157.24
159.786,0.0532,0,24135,4,148.21
159.886,0.0532,0,24149,4,140.89
159.985,0.0532,0,24164,4,150.78
160.083,0.0532,0,24179,4,153.16
160.182,0.0532,0,24193,4,141.38
160.285,0.0532,0,24208,4,145.79
160.384,0.0532,0,24223,4,151.65
160.484,0.0532,0,24239,4,159.89
160.586,0.0532,0,24255,4,157.6
160.681,0.0532,0,24270,4,156.49
160.78,0.0532,0,24285,4,151.47
160.886,0.0533,0,24301,4,151.94
160.986,0.0535,0,24316,4,150
161.082,0.0533,0,24330,4,145.35
161.182,0.0534,0,24345,4,150.55
161.286,0.0552,0,24361,4,153.28
161.384,0.0568,0,24376,4,153
161.48,0.0582,0,24391,4,156.02
161.584,0.0584,0,24407,4,155.04
161.686,0.0586,0,24423,4,156.46
161.783,0.0588,0,24438,4,153.88
161.881,0.0594,0,24453,4,153.72
161.982,0.0621,0,24468,4,148.04
162.081,0.0649,0,24484,4,161.72
162.18,0.067,0,24499,4,151.38
162.282,0.0709,0,24514,4,147.45
162.386,0.0748,0,24529,4,144.67
162.481,0.078,0,24544,4,157.25
162.585,0.0815,0,24560,4,154.04
162.681,0.0832,0,24575,4,155.3
162.781,0.0816,0,24590,4,150.89
162.885,0.0807,0,24606,4,154.2
162.987,0.0783,0,24621,4,147.02
163.082,0.0771,0,24636,4,156.91
163.185,0.076,0,24652,4,156.34
163.28,0.0754,0,24667,4,157.01
163.384,0.0752,0,24682,4,144.47
163.482,0.0747,0,24697,4,152.2
163.583,0.0732,0,24712,4,148.81
163.681,0.0729,0,24727,4,154.11
163.783,0.0727,0,24743,4,156.35
163.886,0.0726,0,24759,4,155.85
163.981,0.0726,0,24773,4,146.54
164.084,0.0726,0,24789,4,155.87
164.18,0.0726,0,24804,4,155.42
164.282,0.0726,0,24820,4,157.58
164.386,0.0726,0,24836,4,153.85
164.486,0.0726,0,24852,4,160.41
164.582,0.0726,0,24867,4,156.03
164.681,0.0726,0,24882,4,151.81
164.785,0.0734,0,24897,4,143.1
164.886,0.0733,0,24913,4,158.97
164.984,0.0732,0,24928,4,153.01
165.086,0.073,0,24943,4,147.75
165.182,0.0728,0,24958,4,156.23
165.282,0.0726,0,24974,4,158.87
165.382,0.0724,0,24989,4,151.07
165.484,0.072,0,25005,4,155.58
165.581,0.0723,0,25020,4,155.62
165.683,0.0723,0,25036,4,156.3
165.784,0.0723,0,25052,4,158.7
165.885,0.0718,0,25067,4,147.89
165.98,0.0712,0,25080,4,137.32
166.082,0.0711,0,25095,4,147.01
166.185,0.071,0,25111,4,155.64
166.285,0.0706,0,25127,4,159.71
166.384,0.0693,0,25142,4,152.46
166.483,0.0679,0,25158,4,160.32
166.586,0.0666,0,25174,4,155.7
166.685,0.0662,0,25190,4,161.37
166.78,0.066,0,25205,4,157.81
166.883,0.0659,0,25221,5,155.33
166.984,0.0658,0,25237,5,158.71
167.083,0.0658,0,25251,5,141.12
167.181,0.0658,0,25265,5,143.78
167.282,0.0658,0,25281,5,157.91
167.383,0.0658,0,25297,5,157.78
167.486,0.0658,0,25313,5,156.63
167.582,0.0658,0,25328,5,156.14
167.682,0.0658,0,25344,5,159.38
167.783,0.0656,0,25360,5,158.64
167.883,0.064,0,25376,5,159.28
167.983,0.0635,0,25392,5,159.82
168.083,0.0623,0,25407,5,150.5
168.185,0.0614,0,25422,5,147.82
168.282,0.0608,0,25436,5,143.82
168.38,0.0596,0,25450,5,142.2
168.482,0.0592,0,25465,5,148.29
168.585,0.0571,0,25481,5,154.82
168.681,0.0556,0,25496,5,156.66
168.785,0.0552,0,25512,5,153.99
168.881,0.0549,0,25527,5,154.91
168.982,0.0548,0,25543,5,158.81
169.085,0.0548,0,25559,5,156.1
169.184,0.0548,0,25574,5,150.62
169.283,0.0548,0,25589,5,152.38
169.384,0.0548,0,25605,5,157.62
169.484,0.0548,0,25620,5,150.05
169.58,0.0548,0,25634,5,145.69
169.681,0.0548,0,25649,5,148.89
169.785,0.0548,0,25665,5,154.28
169.886,0.0548,0,25681,5,158.56
169.981,0.0548,0,25696,5,157.66
170.082,0.0548,0,25712,5,157.3
170.181,0.0548,0,25726,5,142.15
170.282,0.0548,0,25740,5,138.06
170.383,0.0548,0,25755,5,149.17
170.486,0.0552,0,25771,5,155.69
170.581,0.0572,0,25786,5,157.66
170.681,0.0615,0,25801,5,149.73
170.786,0.063,0,25816,5,143.41
170.882,0.0651,0,25830,5,145.4
170.985,0.0696,0,25846,5,155.22
171.085,0.0719,0,25861,5,150.47
171.183,0.0755,0,25876,5,152.54
171.281,0.0785,0,25891,5,152.6
171.386,0.0805,0,25906,5,143.38
171.484,0.0829,0,25921,5,152.93
171.586,0.084,0,25937,5,157.18
171.684,0.0849,0,25952,5,153.29
171.78,0.0847,0,25967,5,155.41
171.882,0.0848,0,25982,5,147.85
171.984,0.0845,0,25997,5,145.95
172.084,0.0845,0,26012,5,150
172.182,0.0845,0,26026,5,143.9
172.285,0.0845,0,26042,5,155.56
172.384,0.0845,0,26057,5,150.29
172.486,0.0845,0,26072,5,147.18
172.583,0.0845,0,26087,5,154.81
172.685,0.0845,0,26103,5,156.35
172.781,0.0845,0,26118,5,156.86
172.883,0.0845,0,26134,5,156.27
172.985,0.0845,0,26150,5,157.32
173.081,0.0845,0,26165,5,157.12
173.186,0.0845,0.0026,26181,5,151.25
173.281,0.0845,0.0046,26195,5,147.6
173.383,0.0845,0.0074,26209,5,138.02
173.486,0.0845,0.0102,26225,5,154.18
173.583,0.0845,0.0105,26239,5,144.67
173.682,0.0845,0.0105,26255,5,161.66
173.786,0.0845,0.0105,26271,5,154.83
173.881,0.0845,0.0105,26286,5,156.61
173.984,0.0845,0.0105,26302,5,156.08
174.083,0.0845,0.0105,26318,5,160.61
174.181,0.0845,0.0105,26333,5,153.1
174.282,0.0845,0.0105,26349,5,158.65
174.385,0.0845,0.0105,26365,5,155.94
174.48,0.0845,0.0105,26379,5,146.96
174.583,0.0845,0.0105,26393,5,136.55
174.684,0.0845,0.0105,26409,5,158.35
174.784,0.0845,0.0105,26425,5,159.49
174.881,0.0845,0.0105,26440,5,155.42
174.982,0.0845,0.0105,26456,5,157.64
175.083,0.0845,0.0105,26472,5,158
175.181,0.0845,0.0105,26487,5,154.23
175.284,0.0845,0.0105,26503,5,155.23
175.386,0.0845,0.0105,26519,5,157.01
175.48,0.0845,0.0105,26534,5,158.69
175.58,0.0845,0.0105,26549,5,149.72
175.683,0.0845,0.0105,26563,5,136.82
175.78,0.0845,0.0105,26577,5,143.06
175.88,0.0845,0.0105,26593,5,160.21
175.985,0.0845,0.0105,26609,5,152.44
176.081,0.0845,0.0105,26624,5,157.01
176.184,0.0845,0.0105,26640,5,155.45
176.282,0.0845,0.0105,26655,5,153.2
176.383,0.0845,0.0105,26671,5,157.2
176.486,0.0845,0.0105,26687,5,156.67
176.582,0.0845,0.0105,26702,5,155.76
176.68,0.0845,0.0105,26717,5,152.28
176.785,0.0845,0.0105,26733,5,152.24
176.881,0.0845,0.0105,26747,5,147.09
176.983,0.0845,0.0105,26762,5,147.17
177.081,0.0845,0.0105,26777,5,152.09
177.182,0.0845,0.0105,26793,5,158.53
177.286,0.0845,0.0105,26809,5,154
177.382,0.0845,0.0105,26824,5,156.86
177.483,0.0845,0.0105,26840,5,157.25
177.581,0.0845,0.0105,26854,5,142.73
177.684,0.0845,0.0105,26870,5,156
177.783,0.0845,0.0105,26884,5,141.98
177.882,0.0845,0.0105,26898,5,140.67
177.981,0.0845,0.0105,26912,5,141.61
178.086,0.0845,0.0105,26926,5,133.82
178.186,0.0845,0.0105,26939,5,130.11
178.281,0.0845,0.0105,26952,5,136.04
178.386,0.0845,0.0105,26966,5,132.97
178.481,0.0845,0.0105,26980,5,148.47
178.584,0.0845,0.0105,26995,5,145.11
178.683,0.0845,0.0105,27010,5,150.92
178.785,0.0845,0.0105,27025,5,147.56
178.885,0.0845,0.0105,27040,5,150.38
178.986,0.0845,0.0105,27055,5,148.98
179.084,0.0845,0.0105,27069,5,141.6
179.187,0.0845,0.0105,27083,5,136.31
179.286,0.0845,0.0105,27097,5,142.07
179.382,0.0845,0.0105,27110,5,134.59
179.482,0.0845,0.0105,27124,5,140.4
179.585,0.0845,0.0105,27139,5,144.98
179.686,0.0845,0.0105,27154,5,149.45
179.785,0.0845,0.0105,27169,5,151.01
179.883,0.0845,0.0105,27183,5,143.78
179.981,0.0845,0.0105,27197,5,141.55
180.081,0.0845,0.0105,27212,5,150.31
180.186,0.0845,0.0105,27227,5,143.52
180.285,0.0845,0.0105,27240,5,130.92
180.384,0.0845,0.0105,27255,5,151.34
180.482,0.0845,0.0105,27270,5,154.03
180.581,0.0845,0.0105,27284,5,141.08
180.687,0.0845,0.0105,27297,5,122.68
180.781,0.0845,0.0105,27309,5,126.77
180.883,0.0845,0.0105,27323,5,138.37
180.985,0.0845,0.0105,27338,5,145.81
181.083,0.0845,0.0105,27352,5,143.66
181.186,0.0845,0.0105,27367,5,145.2
181.285,0.0845,0.0105,27380,5,131.28
181.39,0.0845,0.0105,27393,5,124.28
181.485,0.0845,0.0105,27406,5,136.21
181.581,0.0845,0.0105,27420,5,145.54
181.683,0.0845,0.0105,27434,5,138.05
181.782,0.0845,0.0105,27448,5,140.98
181.885,0.0845,0.0105,27461,5,126.6
181.983,0.0845,0.0105,27471,5,101.72
182.085,0.0845,0.0105,27484,5,128.11
182.181,0.0845,0.0105,27495,5,114.61
182.288,0.0845,0.0105,27502,5,65.43
182.384,0.0845,0.0105,27512,5,103.27
182.481,0.0845,0.0105,27523,5,113.69
182.584,0.0845,0.0105,27535,5,116.36
182.68,0.0845,0.0105,27547,5,124.96
182.782,0.0845,0.0105,27563,5,156.85
182.884,0.0845,0.0105,27578,5,147.45
182.981,0.0845,0.0105,27590,5,124.34
183.08,0.0845,0.0105,27602,5,120.63
183.187,0.0845,0.0105,27617,5,140.99
183.281,0.0845,0.0105,27628,5,115.95
183.381,0.0845,0.0105,27642,5,140.45
183.481,0.0845,0.0105,27657,5,150.66
183.582,0.0845,0.0105,27671,5,137.96
183.747,0.0845,0.0105,27684,5,78.97
