{
    "name": "direction",
    "roles": [
        "direction"
    ],
    "lookups": [
        "free-text",
        "keywords"
    ],
    "keywords": [
        {
            "keyword": "backward",
            "synonyms": [
                "backward"
            ]
        },
        {
            "keyword": "down",
            "synonyms": [
                "down"
            ]
        },
        {
            "keyword": "forward",
            "synonyms": [
                "forward"
            ]
        },
        {
            "keyword": "left",
            "synonyms": [
                "left"
            ]
        },
        {
            "keyword": "right",
            "synonyms": [
                "right"
            ]
        },
        {
            "keyword": "up",
            "synonyms": [
                "up"
            ]
        }
    ]
}
