{
    "utterances": [
        {
            "text": "Move the left robot forward by 2 millimeters",
            "entities": [
                {
                    "entity": "wit$distance:distance",
                    "start": 31,
                    "end": 44,
                    "body": "2 millimeters",
                    "entities": []
                },
                {
                    "entity": "direction:direction",
                    "start": 20,
                    "end": 27,
                    "body": "forward",
                    "entities": []
                },
                {
                    "entity": "robot:robot",
                    "start": 9,
                    "end": 19,
                    "body": "left robot",
                    "entities": []
                }
            ],
            "traits": [],
            "intent": "movement"
        },
        {
            "text": "Move the left robot left by 1 millimeter",
            "entities": [
                {
                    "entity": "robot:robot",
                    "start": 9,
                    "end": 19,
                    "body": "left robot",
                    "entities": []
                },
                {
                    "entity": "direction:direction",
                    "start": 20,
                    "end": 24,
                    "body": "left",
                    "entities": []
                },
                {
                    "entity": "wit$distance:distance",
                    "start": 28,
                    "end": 40,
                    "body": "1 millimeter",
                    "entities": []
                }
            ],
            "traits": [],
            "intent": "movement"
        },
        {
            "text": "Move the left robot up by 4.5 millimeters",
            "entities": [
                {
                    "entity": "robot:robot",
                    "start": 9,
                    "end": 19,
                    "body": "left robot",
                    "entities": []
                },
                {
                    "entity": "direction:direction",
                    "start": 20,
                    "end": 22,
                    "body": "up",
                    "entities": []
                },
                {
                    "entity": "wit$distance:distance",
                    "start": 26,
                    "end": 41,
                    "body": "4.5 millimeters",
                    "entities": []
                }
            ],
            "traits": [],
            "intent": "movement"
        },
        {
            "text": "Move the right robot backward by 3 millimeters",
            "entities": [
                {
                    "entity": "robot:robot",
                    "start": 9,
                    "end": 20,
                    "body": "right robot",
                    "entities": []
                },
                {
                    "entity": "direction:direction",
                    "start": 21,
                    "end": 29,
                    "body": "backward",
                    "entities": []
                },
                {
                    "entity": "wit$distance:distance",
                    "start": 33,
                    "end": 46,
                    "body": "3 millimeters",
                    "entities": []
                }
            ],
            "traits": [],
            "intent": "movement"
        },
        {
            "text": "Move the right robot down by 5 millimeters",
            "entities": [
                {
                    "entity": "robot:robot",
                    "start": 9,
                    "end": 20,
                    "body": "right robot",
                    "entities": []
                },
                {
                    "entity": "direction:direction",
                    "start": 21,
                    "end": 25,
                    "body": "down",
                    "entities": []
                },
                {
                    "entity": "wit$distance:distance",
                    "start": 29,
                    "end": 42,
                    "body": "5 millimeters",
                    "entities": []
                }
            ],
            "traits": [],
            "intent": "movement"
        },
        {
            "text": "Move the right robot left by 1 mm",
            "entities": [
                {
                    "entity": "robot:robot",
                    "start": 9,
                    "end": 20,
                    "body": "right robot",
                    "entities": []
                },
                {
                    "entity": "direction:direction",
                    "start": 21,
                    "end": 25,
                    "body": "left",
                    "entities": []
                },
                {
                    "entity": "wit$distance:distance",
                    "start": 29,
                    "end": 33,
                    "body": "1 mm",
                    "entities": []
                }
            ],
            "traits": [],
            "intent": "movement"
        },
        {
            "text": "Move the right robot right by 0.5 centimeters",
            "entities": [
                {
                    "entity": "robot:robot",
                    "start": 9,
                    "end": 20,
                    "body": "right robot",
                    "entities": []
                },
                {
                    "entity": "direction:direction",
                    "start": 21,
                    "end": 26,
                    "body": "right",
                    "entities": []
                },
                {
                    "entity": "wit$distance:distance",
                    "start": 30,
                    "end": 45,
                    "body": "0.5 centimeters",
                    "entities": []
                }
            ],
            "traits": [],
            "intent": "movement"
        },
        {
            "text": "Move the right robot up by 3 millimeters",
            "entities": [
                {
                    "entity": "robot:robot",
                    "start": 9,
                    "end": 20,
                    "body": "right robot",
                    "entities": []
                },
                {
                    "entity": "direction:direction",
                    "start": 21,
                    "end": 23,
                    "body": "up",
                    "entities": []
                },
                {
                    "entity": "wit$distance:distance",
                    "start": 27,
                    "end": 40,
                    "body": "3 millimeters",
                    "entities": []
                }
            ],
            "traits": [],
            "intent": "movement"
        }
    ]
}
