{
    "utterances": [
        {
            "text": "move soldier to B Eight",
            "entities": [
                {
                    "entity": "letter:letter",
                    "start": 16,
                    "end": 17,
                    "body": "B",
                    "entities": []
                }
            ],
            "traits": [],
            "intent": "MoveChessPiece"
        },
        {
            "text": "move to B 6",
            "entities": [
                {
                    "entity": "letter:letter",
                    "start": 8,
                    "end": 9,
                    "body": "B",
                    "entities": []
                },
                {
                    "entity": "wit$number:number",
                    "start": 10,
                    "end": 11,
                    "body": "6",
                    "entities": []
                }
            ],
            "traits": [],
            "intent": "MoveChessPiece"
        },
        {
            "text": "move to a 8",
            "entities": [
                {
                    "entity": "letter:letter",
                    "start": 8,
                    "end": 9,
                    "body": "a",
                    "entities": []
                },
                {
                    "entity": "wit$number:number",
                    "start": 10,
                    "end": 11,
                    "body": "8",
                    "entities": []
                }
            ],
            "traits": [],
            "intent": "MoveChessPiece"
        },
        {
            "text": "move to alpha six",
            "entities": [
                {
                    "entity": "letter:letter",
                    "start": 8,
                    "end": 13,
                    "body": "alpha",
                    "entities": []
                },
                {
                    "entity": "wit$number:number",
                    "start": 14,
                    "end": 17,
                    "body": "six",
                    "entities": []
                }
            ],
            "traits": [],
            "intent": "MoveChessPiece"
        },
        {
            "text": "move to f 6",
            "entities": [
                {
                    "entity": "letter:letter",
                    "start": 8,
                    "end": 9,
                    "body": "f",
                    "entities": []
                },
                {
                    "entity": "wit$number:number",
                    "start": 10,
                    "end": 11,
                    "body": "6",
                    "entities": []
                }
            ],
            "traits": [],
            "intent": "MoveChessPiece"
        }
    ]
}
