{
    "name": "letter",
    "roles": [
        "letter"
    ],
    "lookups": [
        "keywords"
    ],
    "keywords": [
        {
            "keyword": "A",
            "synonyms": [
                "a",
                "alpha"
            ]
        },
        {
            "keyword": "B",
            "synonyms": [
                "b",
                "bravo"
            ]
        },
        {
            "keyword": "C",
            "synonyms": [
                "C",
                "c",
                "charlie"
            ]
        },
        {
            "keyword": "D",
            "synonyms": [
                "D",
                "d",
                "delta"
            ]
        },
        {
            "keyword": "E",
            "synonyms": [
                "E",
                "e",
                "echo"
            ]
        },
        {
            "keyword": "F",
            "synonyms": [
                "F",
                "f",
                "foxtrot"
            ]
        },
        {
            "keyword": "G",
            "synonyms": [
                "G",
                "g",
                "golf"
            ]
        },
        {
            "keyword": "H",
            "synonyms": [
                "H",
                "h",
                "hotel"
            ]
        },
        {
            "keyword": "alpha",
            "synonyms": [
                "alpha"
            ]
        }
    ]
}
